O80871	O80871
O80871	O80871
O80871	Q8RX37
O80871	Q8RX37
O80871	Q652Z7
O80871	Q0DBU3
O80871	Q0DBU3
O80871	Q652Z7
O80871	Q9FXE4
O80871	Q9FXE4
O80871	Q84JI0
O80871	Q84JI0
O80871	Q9SUF4
O80871	Q9SUF4
O80871	Q9XEE8
O80871	Q9XEE8
O82796	O82796
O82796	O82796
O94830	O94830
O94830	O94830
O94830	O94830
O94830	O94830
O94830	O94830
O94830	O94830
O94830	O94830
O94830	O94830
O94830	O94830
O94830	O94830
O94830	O94830
O94830	Q80Y98
O94830	Q80Y98
O94830	Q80Y98
O94830	Q80Y98
O94830	Q80Y98
O94830	Q80Y98
O94830	Q80Y98
O94830	Q80Y98
O94830	Q80Y98
O94830	Q80Y98
O94830	Q80Y98
O95278	O95278
O95278	O95278
O95278	O95278
O95278	Q1M199
O95278	Q1M199
O95278	Q1M199
O95278	Q91XQ2
O95278	Q91XQ2
O95278	Q91XQ2
O95372	O95372
O95372	O95372
O95372	O95372
O95372	O95372
O95372	O95372
O95372	O95372
O95372	O75608
O95372	O75608
O95372	O75608
O95372	O77821
O95372	O77821
O95372	O77821
O95372	Q3MHR0
O95372	Q3MHR0
O95372	Q3MHR0
O95870	O95870
O95870	O95870
O95870	O95870
O95870	O95870
O95870	O95870
O95870	O95870
O95870	O95870
O95870	O95870
O95870	O95870
O95870	O95870
O95870	O95870
O95870	O95870
O95870	O95870
O95870	O95870
O95870	O95870
O95870	O95870
O95870	O95870
O95870	O95870
O95870	Q5XIL6
O95870	Q5XIL6
O95870	Q5XIL6
O95870	Q80YU0
O95870	Q80YU0
O95870	Q80YU0
O95870	Q9H3Z7
O95870	Q9H3Z7
O95870	Q9H3Z7
I6Y2J4	I6Y2J4
I6Y2J4	I6Y2J4
I6Y2J4	I6Y2J4
I6Y2J4	I6Y2J4
I6Y2J4	I6Y2J4
I6Y2J4	I6Y2J4
I6Y2J4	I6Y2J4
I6Y2J4	I6Y2J4
I6Y2J4	I6Y2J4
I6Y2J4	I6Y2J4
I6Y2J4	I6Y2J4
I6Y2J4	I6Y2J4
I6YF08	I6YF08
I6YF08	I6YF08
I6YF08	I6YF08
I6YF08	I6YF08
I6YF08	I6YF08
I6YF08	I6YF08
I6YF08	I6YF08
L0TC47	L0TC47
L0TC47	L0TC47
L0TC47	L0TC47
L0TC47	L0TC47
L0TC47	L0TC47
L0TC47	L0TC47
L0TC47	L0TC47
L7N697	L7N697
L7N697	L7N697
L7N697	L7N697
M2YJ38	M2YJ38
M2YJ38	M2YJ38
M2YJ38	Q6UEG5
M2YJ38	Q6UEG5
M2YJ38	Q00675
M2YJ38	Q00675
O00408	O00408
O00408	O00408
O00408	O00408
O00408	P14099
O00408	P14099
O00408	P14099
O00408	Q922S4
O00408	Q922S4
O00408	Q922S4
O04147	O04147
O04147	O04147
O04147	O04147
O04147	O04147
O04719	O04719
O04719	O04719
O07014	O07014
O07014	O07014
O14156	O14156
O14156	O14156
O14189	O14189
O14189	O14189
Q9NZ20	Q9NZ20
Q9NZ20	Q1JPB9
Q9NZ20	Q1JPB9
Q9NZ20	Q1JPB9
Q9NZ20	Q1JPB9
Q9NZ20	Q1JPB9
Q9NZ20	Q9NZ20
Q9NZ20	Q9NZ20
Q9NZ20	Q9NZ20
Q9NZ20	Q9NZ20
Q9NZ20	Q8BZT7
Q9NZ20	Q8BZT7
Q9NZ20	Q8BZT7
Q9NZ20	Q8BZT7
Q9NZ20	Q8BZT7
Q9QYJ6	Q9QYJ6
Q9QYJ6	Q9QYJ6
Q9QYJ6	Q9QYJ6
F4HU51	F4HU51
F4HU51	F4HU51
F4HU51	F4HU51
F4HU51	F4HU51
F4HU51	F4HU51
F4HU51	F4HU51
F4HU51	F4HU51
F4HU51	F4HU51
F4HU51	F4HU51
F4HU51	P0AGG2
F4HU51	P0AGG2
F4HU51	P0AGG2
F4HU51	P0AGG2
F4HU51	P0AGG2
F4HU51	P0AGG2
F4HU51	P0AGG2
F4HU51	P0AGG2
F4HU51	P0AGG2
F4HU51	P0AGG2
F4HU51	P0AGG2
F4HU51	P0AGG2
F4HU51	P0AGG2
F4HU51	P0AGG2
F4HU51	P0AGG2
F4HU51	P0AGG2
F4HU51	P0AGG2
F4HU51	P0AGG2
F4HU51	P0AGG2
F4HU51	P0AGG2
F4HU51	P0AGG2
F4HU51	P58137
F4HU51	O14734
F4HU51	O14734
F4HU51	O14734
F4HU51	O14734
F4HU51	O14734
F4HU51	O14734
F4HU51	O14734
F4HU51	O14734
F4HU51	O14734
F4HU51	O14734
F4HU51	O14734
F4HU51	O14734
F4HU51	O14734
F4HU51	O14734
F4HU51	O14734
F4HU51	O14734
F4HU51	O14734
F4HU51	O14734
F4HU51	O14734
F4HU51	O14734
F4HU51	O14734
F4HU51	O14734
F4HU51	O14734
F4HU51	O14734
F4HU51	O14734
F4HU51	O14734
F4HU51	O14734
F4HU51	O14734
F4HU51	O14734
F4HU51	O14734
F4HU51	O14734
F4HU51	O14734
F4HU51	O14734
F4HU51	P58137
F4HU51	P58137
F4HU51	P58137
F4HU51	P58137
F4HU51	P58137
F4HU51	P58137
F4HU51	P58137
F4HU51	P58137
F4HU51	P58137
F4HU51	P58137
F4HU51	P58137
F4HU51	P58137
F4HU51	P58137
F4HU51	P58137
F4HU51	P58137
F4HU51	P58137
F4HU51	P58137
F4HU51	P58137
F4HU51	P58137
F4HU51	P58137
F4HU51	P58137
F4HU51	P58137
F4HU51	P58137
F4HU51	P58137
F4HU51	P58137
F4HU51	P58137
F4HU51	P58137
F4HU51	P58137
F4HU51	P58137
F4HU51	P58137
F4HU51	P58137
F4HU51	Q8VHK0
F4HU51	Q8VHK0
F4HU51	Q8VHK0
F4HU51	Q8VHK0
F4HU51	Q8VHK0
F4HU51	Q8VHK0
F4HU51	Q8VHK0
F4HU51	Q8VHK0
F4HU51	Q8VHK0
F4HU51	Q8VHK0
F4HU51	Q8VHK0
F4HU51	Q8VHK0
F4HU51	Q8VHK0
F4HU51	Q8VHK0
F4HU51	Q8VHK0
F4HU51	Q8VHK0
F4HU51	Q8VHK0
F4HU51	Q8VHK0
F4HU51	Q8VHK0
F4HU51	Q8VHK0
F4HU51	Q8VHK0
F4HU51	Q8VHK0
F4HU51	Q8VHK0
F4HU51	Q8VHK0
F4HU51	Q8VHK0
F4HU51	Q8VHK0
F4HU51	Q8VHK0
F4HU51	Q8VHK0
F4HU51	Q8VHK0
F4HU51	Q8VHK0
F4HU51	Q8VHK0
F4HU51	Q8VHK0
F4HXL0	F4HXL0
F4HXL0	F4HXL0
F4HXL0	F4HXL0
F4HXL0	F4HXL0
F4HXL0	F4HXL0
F4HXL0	F4HXL0
F4HXL0	F4HXL0
F4HXL0	F4HXL0
F4HXL0	Q7Y220
F4HXL0	Q7Y220
F4HXL0	Q940L4
F4HXL0	Q940L4
F4HXL0	Q940L4
F4HXL0	Q940L4
F4J3T8	F4J3T8
F4J3T8	F4J3T8
F4J3T8	F4JWB3
F4J3T8	F4JWB3
F4JCB2	F4JCB2
F4JCB2	F4JCB2
F4JTE7	F4JTE7
F4JTE7	F4JTE7
F4JTE7	F4JTE7
F4JTE7	Q8VZP1
F4JTE7	Q8VZP1
F4JTE7	Q86ZR7
F4JTE7	Q86ZR7
F4JTE7	P77625
F4JTE7	P77625
F4K1B1	F4K1B1
F4K1B1	F4K1B1
F4K1B1	A2Y040
F4K1B1	A2Y040
F4KI56	F4KI56
F4KI56	F4KI56
F4KI56	D3DFG8
F4KI56	D3DFG8
F4KI56	P9WIC6
F4KI56	P9WIC6
F4KI56	P9WIC6
G0RT93	G0RT93
G0RT93	G0RT93
G0RT93	Q4WTH5
G0RT93	Q4WTH5
G0RT93	A0A7U2MSD6
G0RT93	A0A7U2MSD6
G0RT93	Q09172
G0RT93	Q09172
G0RT93	Q09173
G0RT93	Q09173
G0RT93	P38089
G0RT93	P38089
G3ESU9	G3ESU9
G3ESU9	G3ESU9
G5EE01	G5EE01
G5EE01	G5EE01
G5EE01	G5EE01
G5EE01	G5EE01
G5EE01	G5EE01
G5EE01	G5EE01
G5EE01	Q9FLZ5
G5EE01	Q9FLZ5
G8GER6	G8GER6
G8GER6	F7IX06
G8GER6	F7IX06
G8GER6	F7IX06
G8GER6	F7IX06
G8GER6	G8GER6
G8GER6	G8GER6
G8GER6	G8GER6
G8GER6	G8GER6
G8GER6	G8GER6
G8GER6	G8GER6
G8GER6	Q6A0I4
G8GER6	Q6A0I4
G8GER6	Q6A0I4
G8GER6	Q6A0I4
G8GER6	Q6A0I4
G8GER6	Q6A0I4
G8GER6	Q6A0I4
G8GER6	A0A0K8P6T7
G8GER6	A0A0K8P6T7
G8GER6	A0A0K8P6T7
G8GER6	A0A0K8P6T7
G8GER6	A0A0K8P6T7
G8GER6	G9BY57
G8GER6	G9BY57
G8GER6	G9BY57
G8GER6	G9BY57
G8GER6	G9BY57
H6U1I8	H6U1I8
H6U1I8	H6U1I8
H6U1I8	H6U1I8
H6U1I8	H6U1I8
H6U1I8	H6U1I8
H6U1I8	H6U1I8
H6U1I8	Q9LIN2
H6U1I8	Q9LIN2
I6WXK4	I6WXK4
I6WXK4	I6WXK4
I6WXK4	I6WXK4
I6WXK4	I6WXK4
I6WXK4	I6WXK4
I6XU97	I6XU97
I6XU97	I6XU97
I6XU97	I6XU97
I6XU97	I6XU97
I6XU97	I6XU97
Q9Z2C4	Q9Z2C4
Q9Z2C4	A0JMK5
Q9Z2C4	A0JMK5
Q9Z2C4	A0JMK5
Q9Z2C4	A0JMK5
Q9Z2C4	A6QLT2
Q9Z2C4	A6QLT2
Q9Z2C4	A6QLT2
Q9Z2C4	A6QLT2
Q9Z2C4	A6QLT4
Q9Z2C4	A6QLT4
Q9Z2C4	A6QLT4
Q9Z2C4	A6QLT4
Q9Z2C4	A6QLT4
Q9Z2C4	Q13613
Q9Z2C4	Q13613
Q9Z2C4	Q13613
Q9Z2C4	Q52KU6
Q9Z2C4	Q52KU6
Q9Z2C4	Q52KU6
Q9Z2C4	Q52KU6
Q9Z2C4	Q52KU6
Q9Z2C4	Q6AXQ4
Q9Z2C4	Q6AXQ4
Q9Z2C4	Q6AXQ4
Q9Z2C4	Q6AXQ4
Q9Z2C4	Q6AXQ4
Q9Z2C4	Q9Z2C4
Q9Z2C4	Q9Z2C4
Q9Z2C4	Q9Z2C5
Q9Z2C4	Q9Z2C5
Q9Z2C4	Q9Z2C5
Q9Z2C4	Q9Z2C5
Q9Z2C4	Q9Z2C5
Q9ZPQ3	Q9ZPQ3
Q9ZPQ3	Q9ZPQ3
Q9ZQP1	Q9ZQP1
Q9ZQP1	Q6NKR2
Q9ZQP1	Q6NKR2
Q9ZQP1	Q6NKR2
Q9ZQP1	Q6NKR2
Q9ZQP1	Q9ZQP1
Q9ZQP1	Q9ZQP1
Q9ZQP1	Q9ZQP1
Q9ZQP1	Q8WUK0
Q9ZQP1	P0C089
Q9ZQP1	P0C089
Q9ZQP1	P0C089
Q9ZQP1	P0C089
Q9ZQP1	P0C089
Q9ZQP1	P0C089
Q9ZQP1	P0C089
Q9ZQP1	Q8WUK0
Q9ZQP1	Q8WUK0
Q9ZQP1	Q8WUK0
Q9ZQP1	Q8WUK0
Q9ZQP1	Q8WUK0
Q9ZQP1	Q8WUK0
Q9ZQP1	Q86BN8
Q9ZQP1	Q86BN8
Q9ZQP1	Q86BN8
Q9ZQP1	Q86BN8
Q9ZQP1	Q86BN8
Q9ZQP1	Q86BN8
Q9ZQP1	Q86BN8
S4TF94	S4TF94
S4TF94	S4TF94
S4TF94	S4TF94
S4TF94	S4TF94
S4TF94	S4TF94
S4TF94	S4TF94
W7K139	W7K139
W7K139	W7K139
O14939	O14939
O14939	O14939
O14939	P70498
O14939	P70498
O14939	Q0V8L6
O14939	Q0V8L6
O15194	O15194
O15194	O14595
O15194	O14595
O15194	O15194
O15194	P58466
O15194	P58466
O15194	Q8BX07
O15194	Q8BX07
O15194	Q9PTJ6
O15194	Q9PTJ6
O15297	O15297
O15297	O15297
O15297	Q9QZ67
O15297	Q9QZ67
O15743	O15743
O15743	O15743
O32125	O32125
O32125	O32125
O33363	O33363
O33363	O33363
O33363	O33363
O33363	O33363
O35049	O35049
O35049	O35049
O35049	O35049
O35049	O35049
O35049	O35049
O35049	O35049
O35049	O35049
O35049	O35049
O35049	Q9NY59
O35049	Q9NY59
O35049	Q9NY59
O35049	Q9NY59
O35049	Q9NY59
O35049	Q9NY59
O35049	Q9NY59
O35049	Q9NY59
O35049	D6MZJ6
O35049	D6MZJ6
O35049	F1QG30
O35049	F1QG30
O35263	O35263
O35263	O35263
O35263	O35263
O35263	O35264
O35263	O35264
O35263	O35264
O35263	O35264
O35263	Q29460
O35263	Q29460
O35263	Q29460
O35263	Q5ZMS2
O35263	Q5ZMS2
O35263	Q5ZMS2
O35263	Q5ZMS2
O35385	O35385
O35385	O35385
O35385	O14830
O35385	O14830
O35385	G5EBX9
O35385	G5EBX9
O35385	O14829
O35385	O14829
O35385	O35655
O35385	O35655
O35385	Q3SWT6
O35385	Q3SWT6
O35385	P40421
O35385	P40421
P23733	P23733
P23733	P23733
P23733	P48487
P23733	P48487
P23733	P48727
P23733	O04856
P23733	O04856
P23733	O04857
P23733	O04857
P23733	O04858
P23733	O04858
P23733	O15757
P23733	O15757
P23733	O82733
P23733	O82733
P23733	P11612
P23733	P11612
P23733	P13681
P23733	P13681
P23733	P20654
P23733	P20654
P23733	P22198
P23733	P22198
P23733	P23880
P23733	P23880
P23733	P30366
P23733	P30366
P23733	P32598
P23733	P32598
P23733	P36873
P23733	P36873
P23733	P48461
P23733	P48461
P23733	P48462
P23733	P48462
P23733	P48480
P23733	P48480
P23733	P48481
P23733	P48481
P23733	P48482
P23733	P48482
P23733	P48483
P23733	P48483
P23733	P48484
P23733	P48484
P23733	P48485
P23733	P48485
P23733	P48486
P23733	P48486
P23733	P48488
P23733	P48488
P23733	P48489
P23733	P48489
P23733	P48727
P23733	P61292
P23733	P61292
P23733	P62136
P23733	P62136
P23733	Q05547
P23733	Q05547
P23733	Q27497
P23733	Q27497
P25646	P25646
P25646	P25646
P27170	P27170
P27170	P27169
P27170	P27169
P27170	P27170
P27170	P52430
P27170	P52430
P27170	P54832
P27170	P54832
P27170	P55159
P27170	P55159
P27170	Q15165
P27170	Q15165
P27170	Q58DS7
P27170	Q58DS7
P27170	Q62086
P27170	Q62086
P27170	Q15166
P27170	Q15166
P27170	Q62087
P27170	Q62087
P27170	Q68FP2
P27170	Q68FP2
P27170	Q9BGN0
P27170	Q9BGN0
P28321	P28321
P28321	P28321
P28321	P28321
P28321	P28321
P28321	P28321
P28321	P28321
P28321	P28321
P28321	P28321
P28321	P28321
P30641	P30641
P30641	P30641
Q05AL2	Q05AL2
Q05AL2	Q05AL2
Q05AL2	Q149T7
Q05AL2	Q149T7
Q05AL2	Q5JR12
Q05AL2	Q5JR12
Q05AL2	Q641Y6
Q05AL2	Q641Y6
Q05AL2	Q9ULR3
Q05AL2	Q28DF4
Q05AL2	Q28DF4
Q05AL2	Q9ULR3
Q05AL2	Q8BU27
Q05AL2	Q8BU27
Q05AL2	Q96MI6
Q05AL2	Q96MI6
Q08448	Q08448
Q08448	Q08448
Q08448	Q08448
Q08448	Q08448
Q08448	Q08448
Q08448	Q08448
Q08448	Q08448
Q08448	Q08448
Q08448	Q08448
Q08448	Q08448
Q08448	Q08448
Q08DW9	Q08DW9
Q08DW9	B4F753
Q08DW9	B4F753
Q08DW9	B4F753
Q08DW9	B4F753
Q08DW9	B4F753
Q08DW9	B4F753
Q08DW9	B4F753
Q08DW9	B4F753
Q08DW9	B4F753
Q08DW9	B4F753
Q08DW9	B4F753
Q08DW9	B4F753
Q08DW9	B4F753
Q08DW9	B4F753
Q08DW9	B4F753
Q08DW9	B4F753
Q08DW9	B4F753
Q08DW9	B4F753
Q08DW9	B4F753
Q08DW9	B4F753
Q08DW9	B4F753
Q08DW9	Q08C93
Q08DW9	Q08C93
Q08DW9	Q08C93
Q08DW9	Q08C93
Q08DW9	Q08C93
Q08DW9	Q08C93
Q08DW9	Q08C93
Q08DW9	Q08C93
Q08DW9	Q08C93
Q08DW9	Q08C93
Q08DW9	Q08C93
Q08DW9	Q08C93
Q08DW9	Q08C93
Q08DW9	Q08C93
Q08DW9	Q08C93
Q08DW9	Q08C93
Q08DW9	Q08C93
Q08DW9	Q08C93
Q08DW9	Q08C93
Q08DW9	Q08C93
Q08DW9	Q08C93
Q08DW9	Q08DW9
Q08DW9	Q08DW9
Q08DW9	Q08DW9
Q08DW9	Q08DW9
Q08DW9	Q08DW9
Q08DW9	Q08DW9
Q08DW9	Q08DW9
Q08DW9	Q08DW9
Q08DW9	Q08DW9
Q08DW9	Q08DW9
Q08DW9	Q08DW9
Q08DW9	Q08DW9
Q08DW9	Q08DW9
Q08DW9	Q08DW9
Q08DW9	Q08DW9
Q08DW9	Q08DW9
Q08DW9	Q08DW9
Q08DW9	Q08DW9
Q08DW9	Q08DW9
Q08DW9	Q08DW9
Q08DW9	Q4R766
Q08DW9	Q4R766
Q08DW9	Q4R766
Q08DW9	Q4R766
Q08DW9	Q4R766
Q08DW9	Q4R766
Q08DW9	Q4R766
Q08DW9	Q4R766
Q08DW9	Q4R766
Q08DW9	Q4R766
Q08DW9	Q4R766
Q08DW9	Q4R766
Q08DW9	Q4R766
Q08DW9	Q4R766
Q08DW9	Q4R766
Q08DW9	Q4R766
Q08DW9	Q4R766
Q08DW9	Q4R766
Q08DW9	Q4R766
Q08DW9	Q4R766
Q08DW9	Q4R766
Q08DW9	Q5ZIN0
Q08DW9	Q5ZIN0
Q08DW9	Q5ZIN0
Q08DW9	Q5ZIN0
Q08DW9	Q5ZIN0
Q08DW9	Q5ZIN0
Q08DW9	Q5ZIN0
Q08DW9	Q5ZIN0
Q08DW9	Q5ZIN0
Q08DW9	Q5ZIN0
Q08DW9	Q5ZIN0
Q08DW9	Q5ZIN0
Q08DW9	Q5ZIN0
Q08DW9	Q5ZIN0
Q08DW9	Q5ZIN0
Q08DW9	Q5ZIN0
Q08DW9	Q5ZIN0
Q08DW9	Q5ZIN0
Q08DW9	Q5ZIN0
Q08DW9	Q5ZIN0
Q08DW9	Q5ZIN0
Q08DW9	Q6AYT7
Q08DW9	Q6AYT7
Q08DW9	Q6AYT7
Q08DW9	Q6AYT7
Q08DW9	Q6AYT7
Q08DW9	Q6AYT7
Q08DW9	Q6AYT7
Q08DW9	Q6AYT7
Q08DW9	Q6AYT7
Q08DW9	Q6AYT7
Q08DW9	Q6AYT7
Q08DW9	Q6AYT7
Q08DW9	Q6AYT7
Q08DW9	Q6AYT7
Q08DW9	Q6AYT7
Q08DW9	Q6AYT7
Q08DW9	Q6AYT7
Q08DW9	Q6AYT7
Q08DW9	Q6AYT7
Q08DW9	Q6AYT7
Q08DW9	Q6AYT7
Q0D629	Q0D629
Q0D629	Q0D629
Q0DZT4	Q0DZT4
Q0DZT4	Q0DZT4
Q3EBR6	Q3EBR6
Q3EBR6	Q3EBR6
Q3EBR6	Q3EBR6
Q3EBR6	Q3EBR6
Q3EBR6	Q941F1
Q3EBR6	Q941F1
Q3EBR6	Q941F1
Q3EBR6	Q9C8J6
Q3EBR6	Q9C8J6
Q3EBR6	Q9C8J6
Q3MKY2	Q3MKY2
Q3MKY2	Q3MKY2
Q3T0T0	Q3T0T0
Q3T0T0	Q3T0T0
Q3T0T0	Q3T0T0
Q3T0T0	Q3T0T0
Q3T0T0	Q3T0T0
Q3T0T0	Q3T0T0
Q3T0T0	Q3T0T0
Q3T0T0	Q3T0T0
Q3T0T0	Q9JL55
Q3T0T0	Q9JL55
Q3T0T0	Q9JL55
Q3T0T0	Q9JL55
Q3T0T0	Q9JL55
Q3T0T0	Q9JL55
Q3T0T0	Q9JL55
Q3T0T0	Q9JL55
Q3T0T0	Q9NZC3
Q3T0T0	Q9NZC3
Q3T0T0	Q9NZC3
Q3T0T0	Q9NZC3
Q3T0T0	Q9NZC3
Q3T0T0	Q9NZC3
Q3T0T0	Q9NZC3
Q3T0T0	Q9NZC3
A6WFI5	A6WFI5
A6WFI5	A6WFI5
A6WFI5	A6WFI5
A6WFI5	A6WFI5
A6WFI5	O06319
A6WFI5	O06319
A6WFI5	P9WP43
A6WFI5	P9WP43
A6WFI5	P9WP43
A6WFI5	P9WP43
A6WFI5	P9WP43
A6WFI5	P9WP43
A6WFI5	P9WP43
A6WFI5	P9WP43
A8JQX3	A8JQX3
A8JQX3	A8JQX3
A8Q9M3	A8Q9M3
A8Q9M3	A0A3G2S5J6
A8Q9M3	A0A3G2S5J6
A8Q9M3	A8Q9M3
A8Q9M3	E1CJK1
A8Q9M3	E1CJK1
A8Q9M3	A8PX35
A8Q9M3	A8PX35
A8Q9M3	A8QCW4
A8Q9M3	A8QCW4
A8Q9M3	A8QDF0
A8Q9M3	A8QDF0
A8Q9M3	A8QCV4
A8Q9M3	A8QCV4
A8Q9M3	E1CJK0
A8Q9M3	E1CJK0
A8Q9M3	A8QCV7
A8Q9M3	A8QCV7
A8Q9M3	Q2VG90
A8Q9M3	Q2VG90
A8Q9M3	A0A0K0VEZ4
A8Q9M3	A0A0K0VEZ4
B7YZV4	B7YZV4
B7YZV4	B7YZV4
B7YZV4	B7YZV4
B8NLZ3	B8NLZ3
B8NLZ3	B8NLZ3
B8NLZ3	P35182
B8NLZ3	P35182
C4M633	C4M633
C4M633	C4M633
P64483	P64483
P64483	P64483
P64483	P64483
P73335	P73335
P73335	P73335
P75849	P75849
P75849	P75849
P75849	Q57544
P75849	Q57544
P76395	P76395
P76395	P76395
P76491	P76491
P76491	P76491
P76491	P76491
P76491	P76491
P76491	P76491
P76491	P76491
P76491	P76491
P77247	P77247
P77247	P77247
P77247	P77247
P77712	P77712
P77712	P77712
P77712	P77712
P77712	P77712
P77712	P77712
P77712	P77712
P77712	P77712
C8WJZ5	C8WJZ5
C8WJZ5	C8WJZ5
D3DFP8	D3DFP8
D3DFP8	D3DFP8
D3DFP8	P52086
D3DFP8	P39701
D3DFP8	P39701
D3DFP8	P52086
D3ZGS3	D3ZGS3
D3ZGS3	D3ZGS3
D3ZGS3	D3ZGS3
D3ZGS3	D3ZGS3
D3ZGS3	Q01968
D3ZGS3	Q01968
D3ZGS3	Q01968
D3ZGS3	Q01968
D3ZGS3	Q6NVF0
D3ZGS3	Q6NVF0
D3ZGS3	Q6NVF0
D3ZGS3	Q6NVF0
D3ZGS3	Q9SIS4
D3ZGS3	Q9SIS4
D3ZZX1	D3ZZX1
D3ZZX1	D3ZZX1
D3ZZX1	Q17848
D3ZZX1	Q17848
D4GP31	D4GP31
D4GP31	D4GP31
E1CJK2	E1CJK2
E1CJK2	E1CJK2
E3GCF1	E3GCF1
E3GCF1	E3GCF1
E3GCF1	Q6XBH1
E3GCF1	Q6XBH1
E3GCF1	D5V0N9
E3GCF1	D5V0N9
E3GCF1	Q93GX3
E3GCF1	Q93GX3
F1N5C8	F1N5C8
F1N5C8	B0BND0
F1N5C8	B0BND0
F1N5C8	B0BND0
F1N5C8	B0BND0
F1N5C8	B0BND0
F1N5C8	B0BND0
F1N5C8	B0BND0
F1N5C8	B0BND0
F1N5C8	B0BND0
F1N5C8	B0BND0
F1N5C8	B0BND0
F1N5C8	F1N5C8
F1N5C8	F1N5C8
F1N5C8	F1N5C8
F1N5C8	F1N5C8
F1N5C8	F1N5C8
F1N5C8	F1N5C8
F1N5C8	F1N5C8
F1N5C8	F1N5C8
F1N5C8	F1N5C8
F1N5C8	F1N5C8
F1N5C8	Q58D68
F1N5C8	Q58D68
F1N5C8	Q58D68
F1N5C8	Q58D68
F1N5C8	Q58D68
F1N5C8	Q58D68
F1N5C8	Q58D68
F1N5C8	Q58D68
F1N5C8	Q58D68
F1N5C8	Q58D68
F1N5C8	Q58D68
F1N5C8	Q5RB45
F1N5C8	Q5RB45
F1N5C8	Q5RB45
F1N5C8	Q5RB45
F1N5C8	Q5RB45
F1N5C8	Q5RB45
F1N5C8	Q5RB45
F1N5C8	Q5RB45
F1N5C8	Q5RB45
F1N5C8	Q5RB45
F1N5C8	Q5RB45
F1N5C8	Q5BKW7
F1N5C8	Q5BKW7
F1N5C8	Q5BKW7
F1N5C8	Q5BKW7
F1N5C8	Q5BKW7
F1N5C8	Q5BKW7
F1N5C8	Q5BKW7
F1N5C8	Q5BKW7
F1N5C8	Q5BKW7
F1N5C8	Q5BKW7
F1N5C8	Q5BKW7
F1N5C8	Q6DDP3
F1N5C8	Q6DDP3
F1N5C8	Q6DDP3
F1N5C8	Q6DDP3
F1N5C8	Q6DDP3
F1N5C8	Q6DDP3
F1N5C8	Q6DDP3
F1N5C8	Q6DDP3
F1N5C8	Q6DDP3
F1N5C8	Q6DDP3
F1N5C8	Q6DDP3
P53314	P53314
P53314	P53314
P53314	P53314
P53314	P53314
P53314	P53314
P53933	P53933
P53933	P53933
P53981	P53981
P53981	P53981
P53981	P53981
P53981	P53981
P53981	Q9P6N2
P53981	Q9P6N2
P53981	Q9P6N2
P53981	Q9P6N2
P54857	P54857
P54857	P54857
P54857	P54857
P54857	P54857
P54857	P54857
P54857	P54857
P55798	P55798
P55798	P55798
P55798	Q8ZNY9
P55798	Q8ZNY9
P55798	P55799
P55798	P55799
P55798	Q8ZMH3
P55798	Q8ZMH3
P42941	P42941
P42941	P42941
P42941	O74382
P42941	O74382
P44764	P44764
P44764	P08331
P44764	P08331
P44764	P26265
P44764	P26265
P44764	P44764
P44764	P53052
P44764	P53052
P46014	P46014
P46014	P46014
P46726	P46726
P46726	P46726
P46726	P65164
P46726	P65164
P47013	P47013
P47013	P47013
P47354	P47354
P47354	P47354
P47354	P75525
P47354	P75525
P48459	P48459
P48459	P48459
P48460	P48460
P48460	P48460
O35678	O35678
O35678	O35678
O35678	O35678
O35678	O35678
O35678	O35678
O35678	O35678
O35678	O35678
O35678	O35678
O35678	O35678
O35678	O35678
O35678	O35678
O35678	O35678
O35678	O35678
O35678	O35678
O35678	O35678
O35678	O35678
O35678	O35678
O35678	O35678
O35678	Q8R431
O35678	Q8R431
O35678	Q8R431
O35678	Q8R431
O35678	Q8R431
O35678	Q8R431
O35678	Q8R431
O35678	Q8R431
O35678	Q8R431
O35678	Q8R431
O35678	Q8R431
O35678	Q8R431
O35678	Q8R431
O35678	Q8R431
O35678	Q8R431
O35678	Q8R431
O35678	Q8R431
O35678	Q8R431
O35678	Q99685
O35678	Q99685
O35678	Q99685
O35678	Q99685
O35678	Q99685
O35678	Q99685
O35678	Q99685
O35678	Q99685
O35678	Q99685
O35678	Q99685
O35678	Q99685
O35678	Q99685
O35678	Q99685
O35678	Q99685
O35678	Q99685
O35678	Q99685
O35678	Q99685
O35678	Q99685
O35678	O07427
O35678	O07427
O35678	O07427
O35678	O07427
O35678	O07427
O35678	O07427
O35678	O07427
O42773	O42773
O42773	O42773
O42773	P20651
O42773	P20651
O42773	P48452
O42773	P48452
O42773	P48454
O42773	P48454
O42773	P48455
O42773	P48455
O42773	P48457
O42773	P48457
O42773	Q05681
O42773	Q05681
O42773	Q12705
O42773	Q12705
O42773	Q27889
O42773	Q27889
O42773	Q4WUR1
O42773	Q4WUR1
O42773	P14747
O42773	P14747
O42773	P23287
O42773	P23287
O42773	Q9VXF1
O42773	Q0G819
O42773	Q0G819
O42773	Q9VXF1
O42773	Q09496
O42773	Q09496
O42853	O42853
O42853	O42853
O45870	O45870
O45870	O45870
O45870	O45870
O45870	O60906
O45870	O60906
O45870	O60906
O45870	O60906
O45870	O60906
O45870	O60906
O45870	O70572
O45870	O70572
O45870	O70572
O45870	O70572
O45870	O70572
O45870	O70572
O45870	Q9ET64
O45870	Q9ET64
O45870	Q9ET64
O45870	Q9ET64
O45870	Q9ET64
O45870	Q9ET64
O53423	O53423
O53423	O53423
O53423	O53423
O53423	O53423
O53581	O53581
O53581	O53581
O53581	O53581
O53581	O53581
O53581	O53581
O53581	O53581
O53581	O53581
O53581	O53581
O53581	O53581
O53581	O53581
O53581	O53581
P32368	P32368
P32368	P32368
P32368	A6QL88
P32368	A1L244
P32368	A1L244
P32368	A4VCH0
P32368	A4VCH0
P32368	A6QL88
P32368	Q5R921
P32368	Q5R921
P32368	Q6GM29
P32368	Q6GM29
P32368	Q9EP69
P32368	Q9EP69
P32368	Q9W0I6
P32368	Q9W0I6
P32838	P32838
P32838	P32838
P33329	P33329
P33329	B0XUR7
P33329	B0XUR7
P33329	P33329
P33329	P26570
P33329	P26570
P33329	O74789
P33329	A8WGP3
P33329	A8WGP3
P33329	O74789
P33329	Q9Y0B7
P33329	Q9Y0B7
P33329	P32945
P33329	P32945
P33329	P48458
P33329	P48458
P33329	P78968
P33329	P78968
P33378	P33378
P33378	P33378
P33378	P33378
P33378	P33378
P34221	P34221
P34221	P34221
P34221	P39966
P34221	P39966
P34221	P49596
P34221	P49596
P34221	A0DTY1
P34221	A0BLX0
P34221	A0BLX0
P34221	A0BQL0
P34221	A0BQL0
P34221	A0CUB5
P34221	A0CUB5
P34221	A0DSB3
P34221	A0DSB3
P34221	A0DTY1
P34221	P49444
P34221	P49444
P36165	P36165
P36165	P36165
P36165	P36165
P36165	P36165
P36165	P36165
P36165	Q12043
P36165	Q12043
P36165	Q12043
P36982	P36982
P36982	P36982
P37475	P37475
P37475	P37475
P38148	P38148
P38148	P38148
P38148	P38148
P38757	P38757
P38757	P38757
P38797	P38797
P38797	P38797
P40015	P40015
P40015	P40015
P40015	P40015
P40084	P40084
P40084	P40084
P40084	Q12378
P40084	Q12378
P40106	P40106
P40106	P40106
P40106	P41277
P40106	P41277
P40308	P40308
P40308	P40308
P40308	P40308
P40308	P40308
P40308	P40308
P40371	P40371
P40371	P40371
P40371	Q0JAA0
P40371	Q0JAA0
P40371	Q9SIU8
P40371	Q93YW5
P40371	Q93YW5
P40371	Q9S9Z7
P40371	Q9S9Z7
P40371	Q9SIU8
P40399	P40399
P40399	P40399
P04054	P04054
P04054	P00592
P04054	P00592
P04054	P00592
P04054	P00592
P04054	P00592
P04054	P00592
P04054	P00592
P04054	P00592
P04054	P00592
P04054	P00593
P04054	P00593
P04054	P00593
P04054	P00593
P04054	P00593
P04054	P00593
P04054	P00593
P04054	P00593
P04054	P00593
P04054	P04054
P04054	P04054
P04054	P04054
P04054	P04054
P04054	P04054
P04054	P04054
P04054	P04054
P04054	P04054
P04054	P04055
P04054	P04055
P04054	P04055
P04054	P04055
P04054	P04055
P04054	P04055
P04054	P04055
P04054	P04055
P04054	P04055
P04054	P06596
P04054	P06596
P04054	P06596
P04054	P06596
P04054	P06596
P04054	P06596
P04054	P06596
P04054	P06596
P04054	P06596
P04054	P43434
P04054	P43434
P04054	P43434
P04054	P43434
P04054	P43434
P04054	P43434
P04054	P43434
P04054	P43434
P04054	P43434
P04054	Q7M334
P04054	Q7M334
P04054	Q7M334
P04054	Q7M334
P04054	Q7M334
P04054	Q7M334
P04054	Q7M334
P04054	Q7M334
P04054	Q7M334
P04054	Q9Z0Y2
P04054	Q9Z0Y2
P04054	Q9Z0Y2
P04054	Q9Z0Y2
P04054	Q9Z0Y2
P04054	Q9Z0Y2
P04054	Q9Z0Y2
P04054	Q9Z0Y2
P04054	Q9Z0Y2
P04635	P04635
P04635	P04635
P0A8Y1	P0A8Y1
P0A8Y1	P0A8Y1
P0A8Y1	P0A8Y1
P0A8Y1	P0A8Y1
P0A8Y1	P0A8Y1
P0ADP2	P0ADP2
P0ADP2	P0ADP2
P0ADP2	P0ADP2
P0C596	P0C596
P0C596	A4IHU7
P0C596	A4IHU7
P0C596	A4IHU7
P0C596	P0C591
P0C596	P0C591
P0C596	P0C591
P0C596	P0C592
P0C596	P0C592
P0C596	P0C592
P0C596	P0C593
P0C596	P0C593
P0C596	P0C593
P0C596	P0C594
P0C596	P0C594
P0C596	P0C594
P0C596	P0C595
P0C596	P0C595
P0C596	P0C595
P0C596	P0C596
P0C596	P0C596
P0C596	P0C597
P0C596	P0C597
P0C596	P0C597
P0C596	P0C598
P0C596	P0C598
P0C596	P0C598
P0C596	Q4KL92
P0C596	Q4KL92
P0C596	Q4KL92
P0C596	P51452
P0C596	P51452
P0C596	P51452
P0C596	Q9D7X3
P0C596	Q9D7X3
P0C596	Q9D7X3
P0C596	Q17QJ3
P0C596	Q17QJ3
P0C596	Q17QJ3
P0C596	Q5FVI9
P0C596	Q5FVI9
P0C596	Q5FVI9
P0C596	Q9QYJ7
P0C596	Q9QYJ7
P0C596	Q9QYJ7
P0C596	Q9UII6
P0C596	Q9UII6
P0C596	Q9UII6
P0C596	P0C5A2
P0C596	P0C5A2
P0C596	P0C5A2
P0C596	Q29RA3
P0C596	Q29RA3
P0C596	Q29RA3
P0C596	Q4RQD3
P0C596	P0C599
P0C596	P0C599
P0C596	P0C599
P0C596	Q4RQD3
P0C596	Q4RQD3
P0C596	P0C5A0
P0C596	P0C5A0
P0C596	P0C5A0
P0C596	P0C5A1
P0C596	P0C5A1
P0C596	P0C5A1
P0C596	Q6B8I0
P0C596	Q6B8I0
P0C596	Q6B8I0
P0C596	Q6B8I1
P0C596	Q6B8I1
P0C596	Q6B8I1
P94512	P94512
P94512	P94512
P94512	Q72H00
P94512	Q72H00
P94526	P94526
P94526	P94526
P95125	P95125
P95125	P95125
P95125	P95125
P95125	P95125
P95125	P95125
P95125	P95125
P95125	P95125
P95125	P71668
P95125	P71668
P95125	P71668
P95125	P71668
P95125	P71668
P95125	P9WK87
P95125	P9WK87
P95125	P9WK87
P95125	P9WK87
P95125	P9WK87
P95125	P9WK87
P96402	P96402
P96402	P96402
P96402	P96402
P96402	P96402
P96402	P96402
P97535	P97535
P97535	P97535
P97535	P97535
P97535	P97535
P97535	P97535
P97535	Q53H76
P97535	Q53H76
P97535	Q53H76
P97535	Q53H76
P97535	Q53H76
P97535	Q5E9H0
P97535	Q5E9H0
P97535	Q5E9H0
P97535	Q5E9H0
P97535	Q5E9H0
P97535	Q8VI78
P97535	Q8VI78
P97535	Q8VI78
P97535	Q8VI78
P97535	Q8VI78
P97535	Q6NYZ4
P97535	Q6NYZ4
P97535	Q6NYZ4
P97544	P97544
P97544	O14495
P97544	O14495
P97544	O14495
P97544	O14495
P97544	O14495
P97544	O14495
P97544	O14495
P97544	P97544
P97544	P97544
P97544	P97544
P97544	P97544
P97544	P97544
P97544	P97544
P97544	Q3SZE3
P97544	Q3SZE3
P97544	Q3SZE3
P97544	Q3SZE3
P97544	Q3SZE3
P97544	Q3SZE3
P97544	Q3SZE3
P97544	O43688
P97544	O43688
P97544	O43688
P97544	O43688
P97544	O43688
P97544	O43688
P97544	O43688
P97544	Q8K593
P97544	Q8K593
P97544	Q8K593
P97544	Q8K593
P97544	Q8K593
P97544	Q8K593
P97544	Q8K593
P97544	Q2HJ61
P97544	Q2HJ61
P97544	Q2HJ61
P97544	Q2HJ61
P97544	Q2HJ61
P97544	Q2HJ61
P97544	Q2HJ61
P9WGJ3	P9WGJ3
P9WGJ3	P9WGJ3
P9WHW4	P9WHW4
P9WHW4	P9WHW4
P9WHW4	A0AJS6
P9WHW4	A0AJS6
P9WHW4	O34779
P9WHW4	O34779
P9WHW4	Q04J42
P9WHW4	Q04J42
P9WHW4	Q5XAP6
P9WHW4	Q5XAP6
P9WIB3	P9WIB3
P9WIB3	P9WIB3
P9WIB3	P9WIB3
P9WIB3	P9WIB5
P9WIB3	P9WIB5
P9WIB3	P9WIB5
P9WIB3	P9WIB1
P9WIB3	P9WIB1
Q0J2R1	Q0J2R1
Q0J2R1	Q0J2R1
Q0J2R1	Q9LMT1
Q0J2R1	Q9LMT1
Q0JMD4	Q0JMD4
Q0JMD4	O80492
Q0JMD4	O80492
Q0JMD4	Q0JMD4
Q0JMD4	Q10MN6
Q0JMD4	Q10MN6
Q0JMD4	Q67J17
Q0JMD4	Q67J17
Q0JMD4	Q7XTC7
Q0JMD4	Q7XTC7
Q0JMD4	Q9FX08
Q0JMD4	Q9FX08
Q0JMD4	Q9M9C6
Q0JMD4	Q9M9C6
Q0JMD4	Q6YTI2
Q0JMD4	Q6YTI2
Q0V9K2	Q0V9K2
Q0V9K2	Q0V9K2
Q0V9K2	Q0V9K2
Q0V9K2	Q2TAP9
Q0V9K2	Q2TAP9
Q0V9K2	Q2TAP9
Q0V9K2	Q6DRD9
Q0V9K2	Q6DRD9
Q0V9K2	Q6DRD9
Q0V9K2	Q8NFV4
Q0V9K2	Q3SZ73
Q0V9K2	Q3SZ73
Q0V9K2	Q3SZ73
Q0V9K2	Q8K4F5
Q0V9K2	Q8K4F5
Q0V9K2	Q8K4F5
Q0V9K2	Q8NFV4
Q0V9K2	Q8NFV4
Q0VC00	Q0VC00
Q0VC00	Q0VC00
Q0VC00	Q0VC00
Q0VC00	Q0VC00
Q0VC00	Q0VC00
Q0VC00	Q0VC00
Q0VC00	Q0VC00
Q0VC00	Q0VC00
Q0VC00	Q0VC00
Q0VC00	Q0VC00
Q0VC00	Q0VC00
Q0VC00	Q0VC00
Q0VC00	Q0VC00
Q0VC00	Q91ZH7
Q0VC00	Q91ZH7
Q0VC00	Q91ZH7
Q0VC00	Q91ZH7
Q0VC00	Q91ZH7
Q0VC00	Q91ZH7
Q0VC00	Q91ZH7
Q0VC00	Q91ZH7
Q0VC00	Q91ZH7
Q0VC00	Q91ZH7
Q0VC00	Q91ZH7
Q0VC00	Q91ZH7
Q0VC00	Q91ZH7
Q10QL5	Q10QL5
Q10QL5	Q10QL5
Q10QL5	Q339D2
Q10QL5	Q339D2
Q12UQ4	Q12UQ4
Q12UQ4	Q12UQ4
Q12UQ4	A0RUG0
Q12UQ4	A0RUG0
Q12UQ4	O29630
Q12UQ4	O29630
Q12XX5	Q12XX5
Q12XX5	Q12XX5
Q12XX5	C0QRP9
Q12XX5	C0QRP9
P0DTE9	P0DTE9
P0DTE9	P0DTE9
P0DTE9	Q9KVG8
P0DTE9	Q9KVG8
P10768	P10768
P10768	P10768
P11491	P11491
P11491	P11491
P12019	P12019
P12019	P12019
P12019	Q54HY0
P12019	Q54HY0
P12992	P12992
P12992	P12992
P13039	P13039
P13039	P13039
P13039	P13039
P13039	P13039
Q18KS1	Q18KS1
Q18KS1	Q18KS1
Q18KS1	B9LV23
Q18KS1	B9LV23
Q18KS1	Q3ITN8
Q18KS1	Q3ITN8
Q18KS1	A0B5C3
Q18KS1	A0B5C3
Q18KS1	A7IAL9
Q18KS1	A7IAL9
Q18KS1	B0R384
Q18KS1	B0R384
Q18KS1	Q5V452
Q18KS1	Q5V452
P9WLH5	P9WLH5
P9WLH5	P9WLH5
P9WM39	P9WM39
P9WM39	P9WM39
P9WM39	P9WM39
P9WM39	P9WM39
P9WM39	P9WM39
P9WM39	P9WM39
P9WP64	P9WP64
P9WP64	P9WP64
P9WP64	P9WP64
P9WP64	P9WP64
P9WP64	P9WP64
P9WP64	P9WP64
Q00IB6	Q00IB6
Q00IB6	Q00IB6
Q03254	Q03254
Q03254	Q03254
Q03254	Q9P376
Q03254	Q9P376
Q03649	Q03649
Q03649	Q03649
Q03649	Q03649
Q03674	Q03674
Q03674	P39105
Q03674	P39105
Q03674	P39105
Q03674	P39105
Q03674	P39105
Q03674	P39105
Q03674	P39105
Q03674	P39105
Q03674	Q03674
Q03674	Q03674
Q03674	Q03674
Q03674	Q03674
Q04371	Q04371
Q04371	Q04371
Q04371	O94725
Q04371	O94725
Q04371	Q9UT55
Q04371	Q9UT55
Q29AP0	Q29AP0
Q29AP0	B4G653
Q29AP0	B4G653
Q29AP0	Q29AP0
Q29AP0	B4K616
Q29AP0	B4JYN1
Q29AP0	B4JYN1
Q29AP0	B4K616
Q29AP0	B4M5T5
Q29AP0	B4M5T5
Q29AP0	B3MTI8
Q29AP0	B3MTI8
Q29AP0	B4NBL6
Q29AP0	B4NBL6
Q29AP0	Q9VAH4
Q29AP0	Q9VAH4
Q29AP0	B4PPK3
Q29AP0	B3P5D3
Q29AP0	B3P5D3
Q29AP0	B4HZE7
Q29AP0	B4HZE7
Q29AP0	B4PPK3
Q2QWE3	Q2QWE3
Q2QWE3	Q2QWE3
Q2QWE3	P93006
Q2QWE3	P93006
Q2QWE3	Q9SD02
Q2QWE3	Q9SD02
Q2QWE3	Q69QZ0
Q2QWE3	Q69QZ0
Q2QWE3	Q8VZN9
Q2QWE3	Q8VZN9
Q2T9V8	Q2T9V8
Q2T9V8	Q2T9V8
Q2T9V8	Q8TEA8
Q2T9V8	Q8TEA8
Q2T9V8	B3QTV8
Q2T9V8	B3QTV8
Q2T9V8	B5YJ89
Q2T9V8	B5YJ89
Q2T9V8	F1QGC8
Q2T9V8	F1QGC8
Q2T9V8	Q9VGP0
Q2T9V8	Q9VGP0
Q2T9V8	A1A216
Q2T9V8	A1A216
Q2T9V8	B8DSS1
Q2T9V8	B8DSS1
Q2T9V8	C1CUI9
Q2T9V8	C1CUI9
Q2T9V8	Q03SF0
Q2T9V8	Q03SF0
Q2T9V8	Q03WG3
Q2T9V8	Q03WG3
Q2T9V8	Q04HP9
Q2T9V8	Q04HP9
Q2T9V8	A5ITF7
Q2T9V8	A5ITF7
Q2T9V8	B9DNG1
Q2T9V8	B9DNG1
Q2T9V8	Q4L6X8
Q2T9V8	Q4L6X8
Q2T9V8	Q5HNR9
Q2T9V8	Q5HNR9
Q2T9V8	B8DHM6
Q2T9V8	A0AIX1
Q2T9V8	A0AIX1
Q2T9V8	B8DHM6
Q2T9V8	C1KVG9
Q2T9V8	C1KVG9
Q2T9V8	Q92BJ1
Q2T9V8	Q92BJ1
Q2T9V8	B9E709
Q2T9V8	B9E709
Q2T9V8	Q04AV5
Q2T9V8	Q04AV5
Q2T9V8	Q1ATQ8
Q2T9V8	Q1ATQ8
Q2T9V8	Q49Y71
Q2T9V8	Q49Y71
Q2T9V8	A2SKK9
Q2T9V8	A0KEZ2
Q2T9V8	A0KEZ2
Q2T9V8	A2SKK9
Q2T9V8	A6Q128
Q2T9V8	A6Q128
Q2T9V8	A8MGN0
Q2T9V8	A8MGN0
Q2T9V8	Q2LTS7
Q2T9V8	Q2LTS7
Q2T9V8	Q7UFW2
Q2T9V8	Q7UFW2
Q2T9V8	A9GKM6
Q2T9V8	A9GKM6
Q2T9V8	B3DQN7
Q2T9V8	B3DQN7
Q2T9V8	Q5P951
Q2T9V8	Q5P951
Q2T9V8	B4S4I3
Q2T9V8	B4S4I3
Q2T9V8	C0QT00
Q2T9V8	C0QT00
Q2T9V8	Q168K5
Q2T9V8	Q168K5
Q2T9V8	Q1QSS9
Q2T9V8	Q1QSS9
Q2T9V8	Q2IMC5
Q2T9V8	Q2IMC5
Q2T9V8	Q3A002
Q2T9V8	Q3A002
Q2T9V8	Q4Q1E7
Q2T9V8	Q4Q1E7
Q2T9V8	Q6MEB9
Q2T9V8	Q6MEB9
Q2T9V8	A6VL72
Q2T9V8	A6VL72
Q2T9V8	Q54EY1
Q2T9V8	Q54EY1
Q2T9V8	Q07648
Q2T9V8	Q07648
Q2T9V8	Q07648
Q2T9V8	Q6CRI9
Q2T9V8	Q6CRI9
Q2T9V8	Q75E22
Q2T9V8	Q75E22
Q2T9V8	Q6FT39
Q2T9V8	Q6FT39
Q2T9V8	Q8IIS0
Q2T9V8	Q8IIS0
Q2T9V8	Q8IIS0
Q2T9V8	Q8RGF0
Q2T9V8	Q8RGF0
Q2T9V8	A1BI65
Q2T9V8	A1BI65
Q2T9V8	B0S1I7
Q2T9V8	B0S1I7
Q2T9V8	Q2NG79
Q2T9V8	Q2NG79
Q2T9V8	Q489A4
Q2T9V8	Q489A4
Q2T9V8	O14274
Q2T9V8	O14274
Q2T9V8	Q9RVY1
Q2T9V8	Q9RVY1
Q2T9V8	B9L8Z4
Q2T9V8	B9L8Z4
Q2T9V8	Q8Y239
Q2T9V8	A0K4L0
Q2T9V8	A0K4L0
Q2T9V8	A1V060
Q2T9V8	A1V060
Q2T9V8	A1WC42
Q2T9V8	A1WC42
Q2T9V8	B2AH66
Q2T9V8	B2AH66
Q2T9V8	B2JGU7
Q2T9V8	B2JGU7
Q2T9V8	B2SYK5
Q2T9V8	B2SYK5
Q2T9V8	Q1LRC2
Q2T9V8	Q1LRC2
Q2T9V8	Q475S4
Q2T9V8	Q475S4
Q2T9V8	Q8Y239
Q2T9V8	A0LY87
Q2T9V8	A0LY87
Q2T9V8	A5FMN0
Q2T9V8	A5FMN0
Q2T9V8	A6KZN7
Q2T9V8	A6KZN7
Q2T9V8	A6LG62
Q2T9V8	A6LG62
Q2T9V8	Q5LIY8
Q2T9V8	Q5LIY8
Q2T9V8	Q8A2P0
Q2T9V8	Q8A2P0
Q2T9V8	A0Q402
Q2T9V8	A0Q402
Q2T9V8	B0TW90
Q2T9V8	B0TW90
Q2T9V8	A1AI64
Q2T9V8	A1AI64
Q2T9V8	A1JHU4
Q2T9V8	A1JHU4
Q2T9V8	A1T099
Q2T9V8	A1T099
Q2T9V8	A3N3P1
Q2T9V8	A3N3P1
Q2T9V8	A4TSF7
Q2T9V8	A4TSF7
Q2T9V8	A5UE61
Q2T9V8	A5UE61
Q2T9V8	A6TG77
Q2T9V8	A6TG77
Q2T9V8	A7MQD6
Q2T9V8	A7MQD6
Q2T9V8	A8GLH9
Q2T9V8	A8GLH9
Q2T9V8	A9MIA3
Q2T9V8	A9MIA3
Q2T9V8	B0UTI6
Q2T9V8	B0UTI6
Q2T9V8	B2VFA6
Q2T9V8	B2VFA6
Q2T9V8	B4EZB4
Q2T9V8	B4EZB4
Q2T9V8	B6EGQ6
Q2T9V8	B6EGQ6
Q2T9V8	B8F6K3
Q2T9V8	B8F6K3
Q2T9V8	C5BC71
Q2T9V8	C5BC71
Q2T9V8	C6DJD2
Q2T9V8	C6DJD2
Q2T9V8	Q21NB9
Q2T9V8	Q21NB9
Q2T9V8	Q2NQS5
Q2T9V8	Q2NQS5
Q2T9V8	Q65WM2
Q2T9V8	Q65WM2
Q2T9V8	Q7MQ06
Q2T9V8	Q7MQ06
Q2T9V8	Q7VN41
Q2T9V8	Q7VN41
Q2T9V8	Q9CKK0
Q2T9V8	Q9CKK0
Q2T9V8	A1B2U5
Q2T9V8	A1B2U5
Q2T9V8	A1REM9
Q2T9V8	A1REM9
Q2T9V8	A1SB48
Q2T9V8	A1SB48
Q2T9V8	A3PI75
Q2T9V8	A3PI75
Q2T9V8	A3QIW0
Q2T9V8	A3QIW0
Q2T9V8	Q28NX0
Q2T9V8	Q28NX0
Q2T9V8	Q7N9S2
Q2T9V8	Q7N9S2
Q2T9V8	A1TUZ5
Q2T9V8	A1TUZ5
Q2T9V8	A4VGD5
Q2T9V8	A4VGD5
Q2T9V8	A4XPL8
Q2T9V8	A4XPL8
Q2T9V8	A5WA61
Q2T9V8	A5WA61
Q2T9V8	A6VDK2
Q2T9V8	A6VDK2
Q2T9V8	B2FIQ2
Q2T9V8	B2FIQ2
Q2T9V8	C1DHT6
Q2T9V8	C1DHT6
Q2T9V8	C3K814
Q2T9V8	C3K814
Q2T9V8	C5CM14
Q2T9V8	C5CM14
Q2T9V8	Q1I3R4
Q2T9V8	Q1I3R4
Q2T9V8	Q1IY72
Q2T9V8	Q1IY72
Q2T9V8	Q3KJE0
Q2T9V8	Q3KJE0
Q2T9V8	Q48PK8
Q2T9V8	Q48PK8
Q2T9V8	Q4KJM7
Q2T9V8	Q4KJM7
Q2T9V8	Q4ZZH6
Q2T9V8	Q4ZZH6
Q2T9V8	Q5LP58
Q2T9V8	Q5LP58
Q2T9V8	A1TYQ0
Q2T9V8	A1TYQ0
Q2T9V8	A2RGJ5
Q2T9V8	A2RGJ5
Q2T9V8	B2GBW6
Q2T9V8	B2GBW6
Q2T9V8	B4U592
Q2T9V8	B4U592
Q2T9V8	B9DTB9
Q2T9V8	B9DTB9
Q2T9V8	C0MF91
Q2T9V8	C0MF91
Q2T9V8	Q03MP9
Q2T9V8	Q03MP9
Q2T9V8	A2RHI6
Q2T9V8	A2RHI6
Q2T9V8	A3CKK5
Q2T9V8	A3CKK5
Q2T9V8	A8AZ80
Q2T9V8	A8AZ80
Q2T9V8	B1I710
Q2T9V8	B1I710
Q2T9V8	Q8DS08
Q2T9V8	Q8DS08
Q2T9V8	A4G1U1
Q2T9V8	A0KRY8
Q2T9V8	A0KRY8
Q2T9V8	A4G1U1
Q2T9V8	Q8E988
Q2T9V8	Q8E988
Q2T9V8	A4VY70
Q2T9V8	A4VY70
Q2T9V8	A5F4Q7
Q2T9V8	A5F4Q7
Q2T9V8	B5FFD2
Q2T9V8	B5FFD2
Q2T9V8	B7VHE8
Q2T9V8	B7VHE8
Q2T9V8	A5VJG2
Q2T9V8	A5VJG2
Q2T9V8	Q74IX3
Q2T9V8	Q74IX3
Q2T9V8	A6GW89
Q2T9V8	A6GW89
Q2T9V8	B2RM63
Q2T9V8	B2RM63
Q2T9V8	B6YS15
Q2T9V8	B6YS15
Q2T9V8	Q11RA1
Q2T9V8	Q11RA1
Q2T9V8	A6SUP6
Q2T9V8	A6SUP6
Q2T9V8	A8FPZ5
Q2T9V8	A8FPZ5
Q2T9V8	A8H9H9
Q2T9V8	A8H9H9
Q2T9V8	B1KLY5
Q2T9V8	B1KLY5
Q2T9V8	A6VT94
Q2T9V8	A6VT94
Q2T9V8	A9KK74
Q2T9V8	A8YUZ8
Q2T9V8	A8YUZ8
Q2T9V8	A9KK74
Q2T9V8	C4Z1C2
Q2T9V8	C4Z1C2
Q2T9V8	Q043X5
Q2T9V8	Q043X5
Q2T9V8	Q5FKI6
Q2T9V8	Q5FKI6
Q2T9V8	A9WE39
Q2T9V8	A0LL48
Q2T9V8	A0LL48
Q2T9V8	A0RJ14
Q2T9V8	A0RJ14
Q2T9V8	A4J2H0
Q2T9V8	A4J2H0
Q2T9V8	A5D3E0
Q2T9V8	A5D3E0
Q2T9V8	A5FSN9
Q2T9V8	A5FSN9
Q2T9V8	A5I6D9
Q2T9V8	A5I6D9
Q2T9V8	A5IJ55
Q2T9V8	A5IJ55
Q2T9V8	A5UW19
Q2T9V8	A5UW19
Q2T9V8	A6TQP0
Q2T9V8	A6TQP0
Q2T9V8	A7GT88
Q2T9V8	A7GT88
Q2T9V8	A7HLZ9
Q2T9V8	A7HLZ9
Q2T9V8	A7NLC3
Q2T9V8	A7NLC3
Q2T9V8	A9B6D5
Q2T9V8	A9B6D5
Q2T9V8	A9WE39
Q2T9V8	B1HV77
Q2T9V8	B1HV77
Q2T9V8	B1I337
Q2T9V8	B1I337
Q2T9V8	B1YJF9
Q2T9V8	B1YJF9
Q2T9V8	B2TN01
Q2T9V8	B2TN01
Q2T9V8	B2V347
Q2T9V8	B2V347
Q2T9V8	B4RYB0
Q2T9V8	B4RYB0
Q2T9V8	B5YDT2
Q2T9V8	B5YDT2
Q2T9V8	B8CXE9
Q2T9V8	B8CXE9
Q2T9V8	B8E1C2
Q2T9V8	B8E1C2
Q2T9V8	B8FHU4
Q2T9V8	B8FHU4
Q2T9V8	B8FQT8
Q2T9V8	B8FQT8
Q2T9V8	B8G857
Q2T9V8	B8G857
Q2T9V8	B8I3F5
Q2T9V8	B8I3F5
Q2T9V8	B9KAP7
Q2T9V8	B9KAP7
Q2T9V8	B9L111
Q2T9V8	B9L111
Q2T9V8	C0ZAQ1
Q2T9V8	C0ZAQ1
Q2T9V8	C4L533
Q2T9V8	C4L533
Q2T9V8	O66742
Q2T9V8	O66742
Q2T9V8	Q01RT2
Q2T9V8	Q01RT2
Q2T9V8	Q0AYS6
Q2T9V8	Q0AYS6
Q2T9V8	Q183H9
Q2T9V8	Q183H9
Q2T9V8	Q1DDE5
Q2T9V8	Q1DDE5
Q2T9V8	Q1IHZ8
Q2T9V8	Q1IHZ8
Q2T9V8	Q2RHV8
Q2T9V8	Q2RHV8
Q2T9V8	Q3A9Z9
Q2T9V8	Q3A9Z9
Q2T9V8	Q3ZAH5
Q2T9V8	Q3ZAH5
Q2T9V8	Q5QV32
Q2T9V8	Q5QV32
Q2T9V8	Q5WHP9
Q2T9V8	Q5WHP9
Q2T9V8	Q65GR0
Q2T9V8	Q65GR0
Q2T9V8	Q67LN1
Q2T9V8	Q67LN1
Q2T9V8	B1MZI4
Q2T9V8	B1MZI4
Q2T9V8	B1ZZ94
Q2T9V8	B1ZZ94
Q2T9V8	B2UQS5
Q2T9V8	B2UQS5
Q2T9V8	B2GIA9
Q2T9V8	B2GIA9
Q2T9V8	C1B035
Q2T9V8	C1B035
Q2T9V8	C5CCH1
Q2T9V8	C5CCH1
Q2T9V8	B3PHR3
Q2T9V8	B3PHR3
Q2T9V8	Q088X0
Q2T9V8	Q088X0
Q2T9V8	Q0VM94
Q2T9V8	Q0VM94
Q2T9V8	Q15NT8
Q2T9V8	Q15NT8
Q2T9V8	Q2SN53
Q2T9V8	Q2SN53
Q2T9V8	C1DAD5
Q2T9V8	C1DAD5
Q2T9V8	C5CGW6
Q2T9V8	C5CGW6
Q2T9V8	P63997
Q2T9V8	P63997
Q2T9V8	Q03F48
Q2T9V8	Q03F48
Q2T9V8	Q1WTX9
Q2T9V8	Q1WTX9
Q2T9V8	Q38XN8
Q2T9V8	Q38XN8
Q2T9V8	Q88VQ3
Q2T9V8	Q88VQ3
Q2T9V8	Q12IK4
Q2T9V8	Q12IK4
Q2T9V8	Q1GFL4
Q2T9V8	Q1GFL4
Q2T9V8	Q31JB0
Q2T9V8	Q31JB0
Q2T9V8	Q47K67
Q2T9V8	Q47K67
Q2T9V8	Q6C7S6
Q2T9V8	Q6C7S6
Q2T9V8	Q7NYM3
Q2T9V8	Q7NYM3
Q2T9V8	Q8KBF6
Q2T9V8	B3QL07
Q2T9V8	B3QL07
Q2T9V8	Q4UQ26
Q2T9V8	Q4UQ26
Q2T9V8	Q8KBF6
Q2T9V8	A1WW09
Q2T9V8	A1WW09
Q2T9V8	C4L8J8
Q2T9V8	C4L8J8
Q2T9V8	B8CHJ7
Q2T9V8	B8CHJ7
Q2T9V8	Q607L6
Q2T9V8	A8LJ36
Q2T9V8	A8LJ36
Q2T9V8	B8GU25
Q2T9V8	B8GU25
Q2T9V8	Q607L6
Q2T9V8	A3MA28
Q2T9V8	A3MA28
Q2T9V8	Q6F6W0
Q2T9V8	Q6F6W0
Q2T9V8	B3EG59
Q2T9V8	B3EG59
Q2T9V8	Q2P814
Q2T9V8	Q2P814
Q2T9V8	Q3BNL9
Q2T9V8	Q3BNL9
Q2T9V8	Q3JD71
Q2T9V8	C5BPU7
Q2T9V8	C5BPU7
Q2T9V8	Q3JD71
Q2T9V8	B3DVT5
Q2T9V8	B3DVT5
Q2T9V8	A1KVT7
Q2T9V8	A1KVT7
Q2T9V8	A3DF46
Q2T9V8	A3DF46
Q2T9V8	A4IR99
Q2T9V8	A4IR99
Q2T9V8	A8FFP8
Q2T9V8	A8FFP8
Q2T9V8	B7GFP2
Q2T9V8	B7GFP2
Q2T9V8	C5D512
Q2T9V8	C5D512
Q2T9V8	Q5KWS4
Q2T9V8	Q5KWS4
Q2T9V8	Q5SJQ9
Q2T9V8	Q5SJQ9
Q2T9V8	Q8EPR6
Q2T9V8	Q8EPR6
Q2T9V8	Q9JST7
Q2T9V8	Q9JST7
Q2T9V8	Q9KDH0
Q2T9V8	Q9KDH0
Q2T9V8	A0L7S8
Q2T9V8	A0L7S8
Q2T9V8	A0PZW6
Q2T9V8	A0PZW6
Q2T9V8	Q97GU2
Q2T9V8	Q97GU2
Q2T9V8	A1K1M2
Q2T9V8	A1K1M2
Q2T9V8	A4XI81
Q2T9V8	A4XI81
Q2T9V8	B9ML29
Q2T9V8	B9ML29
Q2T9V8	A5ID02
Q2T9V8	A5ID02
Q2T9V8	A6LML3
Q2T9V8	A6LML3
Q2T9V8	B3WEN3
Q2T9V8	B3WEN3
Q2T9V8	C4XMR7
Q2T9V8	C4XMR7
Q2T9V8	C6BS14
Q2T9V8	C6BS14
Q2T9V8	Q6MMK8
Q2T9V8	Q6MMK8
Q2T9V8	Q8RAL7
Q2T9V8	A0A023W421
Q2T9V8	A0A023W421
Q2T9V8	Q8RAL7
Q2T9V8	A0PSA3
Q2T9V8	A0PSA3
Q2T9V8	A0QGF1
Q2T9V8	A0QGF1
Q2T9V8	A1KJW2
Q2T9V8	A1KJW2
Q2T9V8	A4T8S3
Q2T9V8	A4T8S3
Q2T9V8	B1MIM7
Q2T9V8	B1MIM7
Q2T9V8	Q5Z1P0
Q2T9V8	Q5Z1P0
Q2T9V8	A0R080
Q2T9V8	A0R080
Q2T9V8	A1TDH1
Q2T9V8	A1TDH1
Q2T9V8	A1VDX8
Q2T9V8	A1VDX8
Q2T9V8	A5GC79
Q2T9V8	A1ALA7
Q2T9V8	A1ALA7
Q2T9V8	A5GC79
Q2T9V8	A8ZUJ9
Q2T9V8	A8ZUJ9
Q2T9V8	B5EAS6
Q2T9V8	B5EAS6
Q2T9V8	B7IDL6
Q2T9V8	B7IDL6
Q2T9V8	B9M4M9
Q2T9V8	B9M4M9
Q2T9V8	Q39RA1
Q2T9V8	Q39RA1
Q2T9V8	Q3IJ42
Q2T9V8	Q3IJ42
Q2T9V8	B2V7S8
Q2T9V8	B2V7S8
Q2T9V8	Q220S3
Q2T9V8	A1VJK0
Q2T9V8	A1VJK0
Q2T9V8	A9BUE9
Q2T9V8	A9BUE9
Q2T9V8	Q124Q1
Q2T9V8	Q124Q1
Q2T9V8	Q220S3
Q2T9V8	Q2S3D4
Q2T9V8	Q2S3D4
Q2T9V8	A6LTN7
Q2T9V8	A6LTN7
Q2T9V8	B0K0N1
Q2T9V8	B0K0N1
Q2T9V8	B0K971
Q2T9V8	B0K971
Q2T9V8	Q0SRP4
Q2T9V8	Q0SRP4
Q2T9V8	B1VDF7
Q2T9V8	B1VDF7
Q2T9V8	Q0A5C9
Q2T9V8	Q0A5C9
Q2T9V8	Q6LLR9
Q2T9V8	Q6LLR9
Q2T9V8	Q833H9
Q2T9V8	Q833H9
Q2T9V8	A4QES6
Q2T9V8	A4QES6
Q2T9V8	Q8FPG8
Q2T9V8	Q8FPG8
Q2T9V8	Q6AAW5
Q2T9V8	Q6AAW5
Q2T9V8	B8J080
Q2T9V8	B8J080
Q2T9V8	A9BIE9
Q2T9V8	A9BIE9
Q2T9V8	B2A2F7
Q2T9V8	B2A2F7
Q2T9V8	B0BZ98
Q2T9V8	A5N1Z2
Q2T9V8	A5N1Z2
Q2T9V8	B0BZ98
Q2T9V8	B0TF85
Q2T9V8	B0TF85
Q2T9V8	B1XM75
Q2T9V8	B1XM75
Q2T9V8	B7KKT8
Q2T9V8	B7K3F6
Q2T9V8	B7K3F6
Q2T9V8	B7KKT8
Q2T9V8	Q119C3
Q2T9V8	Q119C3
Q2T9V8	Q6AS26
Q2T9V8	Q6AS26
Q2T9V8	A0LQX9
Q2T9V8	A0LQX9
Q2T9V8	A6W6D7
Q2T9V8	A6W6D7
Q2T9V8	B1VS48
Q2T9V8	B1VS48
Q2T9V8	Q47KR7
Q2T9V8	Q47KR7
Q2T9V8	Q82G71
Q2T9V8	Q82G71
Q2T9V8	Q9K4F6
Q2T9V8	Q9K4F6
Q2T9V8	B8HUW5
Q2T9V8	B8HUW5
Q2T9V8	Q892A9
Q2T9V8	Q892A9
Q2T9V8	C5C226
Q2T9V8	C5C226
Q2T9V8	C4LJ12
Q2T9V8	C4LJ12
Q2T9V8	Q74FT1
Q2T9V8	B3E9B8
Q2T9V8	B3E9B8
Q2T9V8	Q74FT1
Q2T9V8	Q1Q8K9
Q2T9V8	Q1Q8K9
Q2T9V8	Q4FQD6
Q2T9V8	Q4FQD6
Q2T9V8	A5EVP7
Q2T9V8	A5EVP7
Q2T9V8	A5WH93
Q2T9V8	A5WH93
Q39491	Q39491
Q39491	Q39491
Q39491	Q39491
Q39491	Q1LWL2
Q39491	Q1LWL2
Q39491	Q1LWL2
Q8NCE2	Q8NCE2
Q8NCE2	Q8NCE2
Q8NCE2	Q8VEL2
Q8NCE2	Q8VEL2
Q8NCG7	Q8NCG7
Q8NCG7	P0C1S9
Q8NCG7	P0C1S9
Q8NCG7	P0C1S9
Q8NCG7	P0C1S9
Q8NCG7	P0C1S9
Q8NCG7	P0C1S9
Q8NCG7	P0C1S9
Q8NCG7	P0C1S9
Q8NCG7	Q8NCG7
Q8NCG7	Q8NCG7
Q8NCG7	Q8NCG7
Q8NCG7	Q8NCG7
Q8NCG7	Q8NCG7
Q8NCG7	Q8NCG7
Q8NCG7	Q8NCG7
Q8NCG7	Q91WC9
Q8NCG7	Q91WC9
Q8NCG7	Q91WC9
Q8NCG7	Q91WC9
Q8NCG7	Q91WC9
Q8NCG7	Q91WC9
Q8NCG7	Q91WC9
Q8NCG7	Q91WC9
Q8NEL9	Q8NEL9
Q8NEL9	O46606
Q8NEL9	O46606
Q8NEL9	O46606
Q8NEL9	O46606
Q8NEL9	O46606
Q8NEL9	O46606
Q8NEL9	O46606
Q8NEL9	O46606
Q8NEL9	O46606
Q8NEL9	O46606
Q8NEL9	O46606
Q8NEL9	O46606
Q8NEL9	O46606
Q8NEL9	O46606
Q8NEL9	O46606
Q8NEL9	O46606
Q8NEL9	O46606
Q8NEL9	O46606
Q8NEL9	O46606
Q8NEL9	Q80YA3
Q8NEL9	Q80YA3
Q8NEL9	Q80YA3
Q8NEL9	Q80YA3
Q8NEL9	Q80YA3
Q8NEL9	Q80YA3
Q8NEL9	Q80YA3
Q8NEL9	Q80YA3
Q8NEL9	Q80YA3
Q8NEL9	Q80YA3
Q8NEL9	Q80YA3
Q8NEL9	Q80YA3
Q8NEL9	Q80YA3
Q8NEL9	Q80YA3
Q8NEL9	Q80YA3
Q8NEL9	Q80YA3
Q8NEL9	Q80YA3
Q8NEL9	Q80YA3
Q8NEL9	Q80YA3
Q8NEL9	Q8NEL9
Q8NEL9	Q8NEL9
Q8NEL9	Q8NEL9
Q8NEL9	Q8NEL9
Q8NEL9	Q8NEL9
Q8NEL9	Q8NEL9
Q8NEL9	Q8NEL9
Q8NEL9	Q8NEL9
Q8NEL9	Q8NEL9
Q8NEL9	Q8NEL9
Q8NEL9	Q8NEL9
Q8NEL9	Q8NEL9
Q8NEL9	Q8NEL9
Q8NEL9	Q8NEL9
Q8NEL9	Q8NEL9
Q8NEL9	Q8NEL9
Q8NEL9	Q8NEL9
Q8NEL9	Q8NEL9
Q8NEL9	G5EEM9
Q8NEL9	G5EEM9
Q8NEL9	G5EEM9
Q8NEL9	G5EEM9
Q8NEL9	G5EEM9
Q8NEL9	G5EEM9
Q8R0F6	Q8R0F6
Q8R0F6	Q0IIF0
Q8R0F6	Q0IIF0
Q8R0F6	Q8R0F6
Q8R197	Q8R197
Q8R197	P08635
Q8R197	P08635
Q8R197	P08635
Q8R197	P08635
Q8R197	P08635
Q8R197	Q8R197
Q8R197	Q8R197
Q8R197	Q8R197
Q8R197	Q8R197
Q8R197	Q9NV23
Q8R197	Q9NV23
Q8R197	Q9NV23
Q8R197	Q9NV23
Q8R197	Q9NV23
Q8R197	P9WQD5
Q8R197	P9WQD5
Q8R197	P9WQD5
Q8R197	P9WQD5
Q8R197	P9WQD5
Q8R197	P9WQD5
Q8RB32	Q8RB32
Q8RB32	Q8RB32
Q8RWN7	Q8RWN7
Q8RWN7	Q8RWN7
Q8RWN7	Q9LQN6
Q8RWN7	Q9LQN6
Q8RWN7	Q9SR24
Q8RWN7	Q9SR24
Q8RWN7	Q9ZV25
Q8RWN7	Q9ZV25
Q8RWN7	A3AZ89
Q8RWN7	A3AZ89
Q8RWN7	O82302
Q8RWN7	O82302
Q8RWN7	Q6ZGY0
Q8RWN7	Q6ZGY0
Q8RWN7	Q84T94
Q8RWN7	Q84T94
Q8RWN7	Q9LZ86
Q8RWN7	Q9LZ86
Q8RWN7	Q10NB9
Q8RWN7	Q10NB9
P17405	P17405
P17405	P17405
P17405	P17405
P17405	P17405
P17405	Q04519
P17405	Q04519
P17405	Q04519
P17405	Q04519
P17405	Q0VD19
P17405	Q0VD19
P17405	Q0VD19
P17405	Q0VD19
P17405	Q23498
P17405	Q23498
P17405	Q9UAY4
P17405	Q9UAY4
P17405	Q9UAY4
P17405	Q10916
P17405	Q10916
P17892	P17892
P17892	A5PK46
P17892	A5PK46
P17892	A5PK46
P17892	A5PK46
P17892	A5PK46
P17892	A5PK46
P17892	A5PK46
P17892	A5PK46
P17892	A5PK46
P17892	A5PK46
P17892	A5PK46
P17892	A5PK46
P17892	A5PK46
P17892	A5PK46
P17892	A5PK46
P17892	A5PK46
P17892	A5PK46
P17892	A5PK46
P17892	D7EZN2
P17892	D7EZN2
P17892	D7EZN2
P17892	D7EZN2
P17892	D7EZN2
P17892	D7EZN2
P17892	D7EZN2
P17892	D7EZN2
P17892	D7EZN2
P17892	D7EZN2
P17892	D7EZN2
P17892	D7EZN2
P17892	D7EZN2
P17892	D7EZN2
P17892	D7EZN2
P17892	D7EZN2
P17892	D7EZN2
P17892	D7EZN2
P17892	P00591
P17892	P00591
P17892	P00591
P17892	P00591
P17892	P00591
P17892	P17892
P17892	P17892
P17892	P17892
P17892	P17892
P17892	P17892
P17892	P17892
P17892	P17892
P17892	P17892
P17892	P17892
P17892	P17892
P17892	P17892
P17892	P17892
P17892	P17892
P17892	P17892
P17892	P17892
P17892	P17892
P17892	P17892
P17892	P54317
P17892	P54317
P17892	P54317
P17892	P54317
P17892	P54317
P17892	P54317
P17892	P54317
P17892	P54317
P17892	P54317
P17892	P54317
P17892	P54317
P17892	P54317
P17892	P54317
P17892	P54317
P17892	P54317
P17892	P54317
P17892	P54317
P17892	P54317
P17892	P54318
P17892	P54318
P17892	P54318
P17892	P54318
P17892	P54318
P17892	P54318
P17892	P54318
P17892	P54318
P17892	P54318
P17892	P54318
P17892	P54318
P17892	P54318
P17892	P54318
P17892	P54318
P17892	P54318
P17892	P54318
P17892	P54318
P17892	P54318
P17892	Q64424
P17892	Q64424
P17892	Q64424
P17892	Q64424
P17892	Q64424
P17892	Q64424
P17892	Q64424
P17892	Q64424
P17892	Q64424
P17892	Q64424
P17892	Q64424
P17892	Q64424
P17892	Q64424
P17892	Q64424
P17892	Q64424
P17892	Q64424
P17892	Q64424
P17892	Q64424
P17892	O88354
P17892	O88354
P17892	O88354
P17892	O88354
P17892	O88354
P17892	P16233
P17892	P16233
P17892	P16233
P17892	P16233
P17892	P16233
P17892	P27657
P17892	P27657
P17892	P27657
P17892	P27657
P17892	P27657
P17892	P50903
P17892	P50903
P17892	P50903
P17892	P50903
P17892	P50903
P17892	Q02157
P17892	Q02157
P17892	Q02157
P17892	Q02157
P17892	Q02157
P17892	Q6P8U6
P17892	Q6P8U6
P17892	Q6P8U6
P17892	Q6P8U6
P17892	Q6P8U6
P17892	P81139
P17892	P81139
P17892	P81139
P17892	P81139
P17892	P81139
P17892	P81139
P17892	P81139
P17892	P81139
P17892	P81139
P17892	P81139
P17892	P81139
P17892	P81139
P17892	P81139
P17892	P81139
P17892	P81139
P17892	P81139
P17892	P81139
P17892	P81139
P17892	P27656
P17892	O46559
P17892	O46559
P17892	O46559
P17892	O46559
P17892	O46559
P17892	O46559
P17892	O46559
P17892	O46559
P17892	O46559
P17892	O46559
P17892	P07867
P17892	P07867
P17892	P07867
P17892	P07867
P17892	P07867
P17892	P07867
P17892	P07867
P17892	P07867
P17892	P07867
P17892	P07867
P17892	P11150
P17892	P11150
P17892	P11150
P17892	P11150
P17892	P11150
P17892	P11150
P17892	P11150
P17892	P11150
P17892	P11150
P17892	P11150
P17892	P27656
P17892	P27656
P17892	P27656
P17892	P27656
P17892	P27656
P17892	P27656
P17892	P27656
P17892	P27656
P17892	P27656
P17892	Q3SZ79
P17892	Q3SZ79
P17892	Q3SZ79
P17892	Q3SZ79
P17892	Q3SZ79
P17892	Q3SZ79
P17892	Q3SZ79
P17892	Q3SZ79
P17892	Q3SZ79
P17892	Q3SZ79
P17892	P11602
P17892	P06858
P17892	P06858
P17892	P06858
P17892	P06858
P17892	P06858
P17892	P06858
P17892	P11151
P17892	P11151
P17892	P11151
P17892	P11151
P17892	P11151
P17892	P11151
P17892	P11152
P17892	P11152
P17892	P11152
P17892	P11152
P17892	P11152
P17892	P11152
P17892	P11153
P17892	P11153
P17892	P11153
P17892	P11153
P17892	P11153
P17892	P11153
P17892	P11602
P17892	P11602
P17892	P11602
P17892	P11602
P17892	P11602
P17892	P49923
P17892	P49923
P17892	P49923
P17892	P49923
P17892	P49923
P17892	P49923
P17892	P55031
P17892	P55031
P17892	P55031
P17892	P55031
P17892	P55031
P17892	P55031
P17892	Q9WVG5
P17892	Q8VBX1
P17892	Q8VBX1
P17892	Q8VBX1
P17892	Q8VBX1
P17892	Q8VBX1
P17892	Q9WVG5
P17892	Q9WVG5
P17892	Q9WVG5
P17892	Q9WVG5
P17892	Q9Y5X9
P17892	Q9Y5X9
P17892	Q9Y5X9
P17892	Q9Y5X9
P17892	Q9Y5X9
P17906	P17906
P17906	P17906
P19835	P19835
P19835	P07882
P19835	P07882
P19835	P07882
P19835	P07882
P19835	P07882
P19835	P07882
P19835	P07882
P19835	P07882
P19835	P07882
P19835	P07882
P19835	P07882
P19835	P07882
P19835	P07882
P19835	P07882
P19835	P07882
P19835	P07882
P19835	P07882
P19835	P07882
P19835	P07882
P19835	P19835
P19835	P19835
P19835	P19835
P19835	P19835
P19835	P19835
P19835	P19835
P19835	P19835
P19835	P19835
P19835	P19835
P19835	P19835
P19835	P19835
P19835	P19835
P19835	P19835
P19835	P19835
P19835	P19835
P19835	P19835
P19835	P19835
P19835	P19835
P19835	Q64285
P19835	Q64285
P19835	Q64285
P19835	Q64285
P19835	Q64285
P19835	Q64285
P19835	Q64285
P19835	Q64285
P19835	Q64285
P19835	Q64285
P19835	Q64285
P19835	Q64285
P19835	Q64285
P19835	Q64285
P19835	Q64285
P19835	Q64285
P19835	Q64285
P19835	Q64285
P19835	Q64285
P19835	G3V7J5
P19835	G3V7J5
P19835	O70631
P19835	O70631
P19835	Q8BK48
P19835	Q8BK48
P19835	Q8QZR3
P19835	Q8QZR3
P19835	Q91WG0
P19835	Q91WG0
P19835	P23141
P19835	P23141
P19835	P23141
P19835	P23141
P19835	P23141
P19835	P23141
P19835	O00748
P19835	O00748
P19835	O00748
P19835	O00748
P19835	O00748
P19835	O00748
P19835	P14943
P19835	P14943
P19835	P14943
P19835	P14943
P19835	P14943
P19835	Q8K3R0
P19835	Q8K3R0
P19835	O46421
P19835	O46421
P19835	O46421
P19835	O46421
P19835	O46421
P19835	P16303
P19835	P16303
P19835	P16303
P19835	Q64573
P19835	Q64573
P19835	Q8VCC2
P19835	Q8VCC2
P19835	Q8VCC2
P19835	Q8VCC2
P19835	Q8VCC2
P19835	Q8VCT4
P19835	Q8VCT4
P19835	Q8VCT4
P19835	Q91WU0
P19835	Q91WU0
P19835	Q64176
P19835	Q63108
P19835	Q63108
P19835	Q64176
P21327	P21327
P21327	P21327
P21327	P49441
P21327	P49441
P21327	P49442
P21327	P49442
P21588	P21588
P21588	P21588
P21588	P21588
P21588	P21588
P21588	P21588
P21588	P21588
P21588	P21588
P21588	P21588
P21588	P21588
P21588	P21588
P21588	P21589
P21588	P21589
P21588	P21589
P21588	P21589
P21588	P21589
P21588	P21589
P21588	P21589
P21588	P21589
P21588	P21589
P21588	P21589
P21588	Q05927
P21588	Q05927
P21588	Q05927
P21588	Q05927
P21588	Q05927
P21588	Q05927
P21588	Q05927
P21588	Q05927
P21588	Q05927
P21588	Q05927
P21588	Q61503
P21588	Q61503
P21588	Q61503
P21588	Q61503
P21588	Q61503
P21588	Q61503
P21588	Q61503
P21588	Q61503
P21588	Q61503
P21588	Q61503
Q9HTR2	Q9HTR2
Q9HTR2	Q9HTR2
Q9KLR1	Q9KLR1
Q9KLR1	Q9KLR1
Q9KPM2	Q9KPM2
Q9KPM2	Q9KPM2
Q9KPM2	P0AGB0
Q9KPM2	P0AGB0
Q9KPM2	P44997
Q9KPM2	P44997
Q9LE89	Q9LE89
Q9LE89	Q9LE89
Q9LE89	O22527
Q9LE89	O22527
Q9LE89	Q9M7I7
Q9LE89	Q9M7I7
Q9LUU7	Q9LUU7
Q9LUU7	Q9LUU7
Q9LUU7	Q9LNF4
Q9LUU7	Q9LNF4
Q9LUU7	Q5SMK6
Q9LUU7	Q5SMK6
Q9LUU7	Q6AUQ4
Q9LUU7	Q6AUQ4
Q9LUU7	Q9FYN7
Q9LUU7	Q9FYN7
Q9LUU7	Q3EAF9
Q9LUU7	Q3EAF9
Q9LUU7	Q9SLA1
Q9LUU7	Q9SLA1
Q9LUU7	Q69VD9
Q9LUU7	Q69VD9
Q9LZA6	Q9LZA6
Q9LZA6	Q9LZA6
Q9UK39	Q9UK39
Q9UK39	O35710
Q9UK39	O35710
Q9UK39	Q9UK39
Q9VCE9	Q9VCE9
Q9VCE9	Q9VCE9
Q9VCE9	Q9VCE9
Q9VJ07	Q9VJ07
Q9VJ07	Q9VJ07
Q9VSY6	Q9VSY6
Q9VSY6	Q9VSY6
Q9VSY6	P78330
Q9VSY6	P78330
Q9VSY6	Q2KHU0
Q9VSY6	Q2KHU0
Q9VSY6	Q5M819
Q9VSY6	Q5M819
Q9VV72	Q9VV72
Q9VV72	Q9VV72
Q9VWF4	Q9VWF4
Q9VWF4	Q9VWF4
Q9VWF4	Q9VWF4
Q9VWF4	Q9UNI6
Q9VWF4	Q9D0T2
Q9VWF4	Q9D0T2
Q9VWF4	Q9D0T2
Q9VWF4	Q9JIM4
Q9VWF4	Q9JIM4
Q9VWF4	Q9JIM4
Q9VWF4	Q9UNI6
Q9VWF4	Q9UNI6
Q9WVR1	Q9WVR1
Q9WVR1	A0FI79
Q9WVR1	A0FI79
Q9WVR1	A0FI79
Q9WVR1	Q9WVR1
Q9WVR1	Q9WVR1
Q9Y2R2	Q9Y2R2
Q9Y2R2	Q9Y2R2
Q9Y2R2	P29352
Q9Y2R2	P29352
Q9Y5B0	Q9Y5B0
Q9Y5B0	Q9Y5B0
Q9Y5B0	Q7TSG2
Q9Y5B0	Q7TSG2
B4F6K2	B4F6K2
B4F6K2	B4F6K2
B4F6K2	O35952
B4F6K2	O35952
B4F6K2	Q16775
B4F6K2	Q16775
B4F6K2	Q3B7M2
B4F6K2	Q3B7M2
B4F6K2	Q5ZI23
B4F6K2	Q5ZI23
B4F6K2	Q6P963
B4F6K2	Q6P963
B4F6K2	O94250
B4F6K2	O94250
B4F6K2	Q12320
B4F6K2	Q12320
B4F6K2	Q05584
B4F6K2	Q05584
B4F6K2	Q9UT36
B4F6K2	Q9UT36
B4F6K2	P0AC84
B4F6K2	P0AC84
B4NE96	B4NE96
B4NE96	B3MR30
B4NE96	B3MR30
B4NE96	B3P9N0
B4NE96	B3P9N0
B4NE96	B4GXS1
B4NE96	B4GXS1
B4NE96	B4JMM7
B4NE96	B4JMM7
B4NE96	B4L6S9
B4NE96	B4L6S9
B4NE96	B4M7S0
B4NE96	B4M7S0
B4NE96	B4NE96
B4NE96	Q96HS1
B4NE96	Q562B5
B4NE96	Q562B5
B4NE96	Q96HS1
B4NE96	Q6GL33
B4NE96	Q5FWM4
B4NE96	Q5FWM4
B4NE96	Q6GL33
B6H6L7	B6H6L7
B6H6L7	B6H6L7
B6H6L7	B6H6L7
Q5JKN1	Q5JKN1
Q5JKN1	Q5JKN1
Q5JKN1	P49599
Q5JKN1	P49599
Q5PNS9	Q5PNS9
Q5PNS9	Q5PNS9
Q5PNS9	Q9FKX4
Q5PNS9	Q9FKX4
Q5PNS9	Q9SD12
Q5PNS9	Q9SD12
Q5PNS9	O81760
Q5PNS9	O81760
Q5PNS9	Q10S32
Q5PNS9	Q10S32
Q5PNS9	Q5Z8P0
Q5PNS9	Q5Z8P0
Q5PNS9	Q7XCJ7
Q5PNS9	Q7XCJ7
Q5PNS9	Q94CL8
Q5PNS9	Q94CL8
Q5PNS9	Q9LHJ9
Q5PNS9	Q9LHJ9
Q5PNS9	Q0V7V2
Q5PNS9	Q0V7V2
Q5PNS9	Q501F9
Q5PNS9	Q501F9
Q5PNS9	Q7XHN8
Q5PNS9	Q7XHN8
Q5PNS9	Q7XUC5
Q5PNS9	Q6ZHC8
Q5PNS9	Q6ZHC8
Q5PNS9	Q7XUC5
Q5PNS9	Q7Y138
Q5PNS9	Q7Y138
Q5PNS9	Q8H063
Q5PNS9	Q8H063
Q5PNS9	Q2QN36
Q5PNS9	Q2QN36
Q5PNS9	Q5MFV5
Q5PNS9	Q5MFV5
Q5PNS9	Q84JD5
Q5PNS9	Q84JD5
Q5R833	Q5R833
Q5R833	Q5R833
Q5R833	Q5R833
Q5R833	Q5R833
Q5R833	Q5R833
Q5R833	Q5R833
Q5R833	Q5R833
Q5R833	Q5R833
Q5R833	Q5R833
Q5R833	Q9CQR4
Q5R833	Q9CQR4
Q5R833	Q9CQR4
Q5R833	Q9CQR4
Q5R833	Q9CQR4
Q5R833	Q9CQR4
Q5R833	Q9CQR4
Q5R833	Q9CQR4
Q5R833	Q9CQR4
Q5RCR9	Q5RCR9
Q5RCR9	Q28FE0
Q5RCR9	Q28FE0
Q5RCR9	Q58DC0
Q5RCR9	Q58DC0
Q5RCR9	Q5RCR9
Q5RCR9	Q66H71
Q5RCR9	Q66H71
Q5RCR9	Q8BFS6
Q5RCR9	Q8BFS6
Q5RCR9	Q5U3W0
Q5RCR9	Q5U3W0
P49594	P49594
P49594	P49594
P49753	P49753
P49753	O55137
P49753	O55137
P49753	O55137
P49753	O55137
P49753	O55137
P49753	O55137
P49753	O55137
P49753	O55137
P49753	O55137
P49753	O55171
P49753	O55171
P49753	O55171
P49753	O55171
P49753	O55171
P49753	O55171
P49753	O55171
P49753	O55171
P49753	O55171
P49753	O55171
P49753	O88267
P49753	O88267
P49753	O88267
P49753	O88267
P49753	O88267
P49753	O88267
P49753	O88267
P49753	O88267
P49753	O88267
P49753	P49753
P49753	P49753
P49753	P49753
P49753	P49753
P49753	P49753
P49753	P49753
P49753	P49753
P49753	P49753
P49753	P49753
P49753	Q3I5F7
P49753	Q3I5F7
P49753	Q6Q2Z6
P49753	Q6Q2Z6
P49753	Q6Q2Z6
P49753	Q6Q2Z6
P49753	Q6Q2Z6
P49753	Q6Q2Z6
P49753	Q6Q2Z6
P49753	Q6Q2Z6
P49753	Q6Q2Z6
P49753	Q6Q2Z6
P49753	Q6Q2Z6
P49753	Q8N9L9
P49753	Q8N9L9
P49753	Q8N9L9
P49753	Q8N9L9
P49753	Q8N9L9
P49753	Q8N9L9
P49753	Q8N9L9
P49753	Q8N9L9
P49753	Q8N9L9
P49753	Q8N9L9
P49753	Q8N9L9
P49753	Q9QYR7
P49753	Q9QYR7
P49753	Q9QYR7
P49753	Q9QYR7
P49753	Q9QYR7
P49753	Q9QYR7
P49753	Q9QYR7
P49753	Q9QYR7
P49753	Q9QYR7
P49753	Q9QYR7
P49753	Q9QYR7
P49753	Q9QYR7
P49753	Q9QYR7
P49753	Q9QYR9
P49753	Q9QYR9
P49753	Q9QYR9
P49753	Q9QYR9
P49753	Q9QYR9
P49753	Q9QYR9
P49753	Q9QYR9
P49753	Q9QYR9
P49753	Q9QYR9
P49753	Q9QYR9
P49753	Q32Q92
P49753	Q32Q92
P49753	Q8BWN8
P49753	Q8BWN8
P50427	P50427
P50427	P15589
P50427	P15589
P50427	P50427
P50427	P08842
P50427	P08842
A0QJI1	A0QJI1
A0QJI1	A0QJI1
A0QJI1	O53289
A0QJI1	O53289
A0QJI1	O53289
A0QJI1	O53289
A0QJI1	Q9S281
A0QJI1	Q9S281
A0QJI1	A7H590
A0QJI1	A7H590
A0QJI1	O28142
A0QJI1	O28142
A0QJI1	Q58989
A0QJI1	Q58989
A0QJI1	Q7M7U5
A0QJI1	Q7M7U5
A0QJI1	Q9CHW3
A0QJI1	Q5M3B3
A0QJI1	Q5M3B3
A0QJI1	Q9CHW3
A0QJI1	B0R7U7
A0QJI1	B0R7U7
A0QJI1	Q21YU0
A0QJI1	Q12A06
A0QJI1	Q12A06
A0QJI1	Q21YU0
A0QJI1	Q5QXU4
A0QJI1	Q5QXU4
A1A4K5	A1A4K5
A1A4K5	A1A4K5
A1A4K5	A1A4K5
A1A4K5	A1A4K5
A1A4K5	A1A4K5
A1A4K5	A1A4K5
A1A4K5	A1A4K5
A1A4K5	A1A4K5
A1A4K5	A1A4K5
A1A4K5	A1A4K5
A1A4K5	A1A4K5
A1A4K5	A1A4K5
A1A4K5	A1A4K5
A1A4K5	A1A4K5
A1A4K5	A1A4K5
A1A4K5	A1A4K5
A1A4K5	A1A4K5
A1A4K5	A1A4K5
A1A4K5	A1A4K5
A1A4K5	A1A4K5
A1A4K5	A1A4K5
A1A4K5	A1A4K5
A1A4K5	Q13822
A1A4K5	Q13822
A1A4K5	Q13822
A1A4K5	Q13822
A1A4K5	Q13822
A1A4K5	Q13822
A1A4K5	Q13822
A1A4K5	Q13822
A1A4K5	Q13822
A1A4K5	Q13822
A1A4K5	Q13822
A1A4K5	Q13822
A1A4K5	Q13822
A1A4K5	Q13822
A1A4K5	Q13822
A1A4K5	Q13822
A1A4K5	Q13822
A1A4K5	Q13822
A1A4K5	Q13822
A1A4K5	Q13822
A1A4K5	Q13822
A1A4K5	Q13822
A1A4K5	Q64610
A1A4K5	Q64610
A1A4K5	Q64610
A1A4K5	Q64610
A1A4K5	Q64610
A1A4K5	Q64610
A1A4K5	Q64610
A1A4K5	Q64610
A1A4K5	Q64610
A1A4K5	Q64610
A1A4K5	Q64610
A1A4K5	Q64610
A1A4K5	Q64610
A1A4K5	Q64610
A1A4K5	Q64610
A1A4K5	Q64610
A1A4K5	Q64610
A1A4K5	Q64610
A1A4K5	Q64610
A1A4K5	Q64610
A1A4K5	Q64610
A1A4K5	Q64610
A1A4K5	Q9R1E6
A1A4K5	Q9R1E6
A1A4K5	Q9R1E6
A1A4K5	Q9R1E6
A1A4K5	Q9R1E6
A1A4K5	Q9R1E6
A1A4K5	Q9R1E6
A1A4K5	Q9R1E6
A1A4K5	Q9R1E6
A1A4K5	Q9R1E6
A1A4K5	Q9R1E6
A1A4K5	Q9R1E6
A1A4K5	Q9R1E6
A1A4K5	Q9R1E6
A1A4K5	Q9R1E6
A1A4K5	Q9R1E6
A1A4K5	Q9R1E6
A1A4K5	Q9R1E6
A1A4K5	Q9R1E6
A1A4K5	Q9R1E6
A1A4K5	Q9R1E6
A1A4K5	Q9R1E6
A1A4K5	Q6UWV6
A1A4K5	Q3TIW9
A1A4K5	Q3TIW9
A1A4K5	Q3TIW9
A1A4K5	Q3TIW9
A1A4K5	Q5EZ72
A1A4K5	Q5EZ72
A1A4K5	Q5EZ72
A1A4K5	Q5EZ72
A1A4K5	Q6UWV6
A1A4K5	Q6UWV6
A1A4K5	Q6UWV6
A1RS86	A1RS86
A1RS86	A1RS86
A1RS86	A4WL31
A1RS86	A4WL31
A1RS86	B1Y9H2
A1RS86	B1Y9H2
A1RS86	Q8ZVE0
A1RS86	Q8ZVE0
A1RS86	A3MWS2
A1RS86	A3MWS2
A1RS86	A8MCV2
A1RS86	A8MCV2
Q59121	Q59121
Q59121	Q59121
Q59121	Q59121
Q59121	P20626
Q59121	P20626
Q59121	P20626
Q59121	Q59332
Q59121	Q59332
Q59121	Q59332
Q5A6B6	Q5A6B6
Q5A6B6	Q5A6B6
Q5AXB0	Q5AXB0
Q5AXB0	Q5AXB0
Q5E9H9	Q5E9H9
Q5E9H9	Q5E9H9
Q5E9H9	Q5I0K5
Q5E9H9	Q5I0K5
Q5E9H9	Q5REX5
Q5E9H9	Q5REX5
Q5E9H9	Q6PE15
Q5E9H9	Q6PE15
Q5EAF2	Q5EAF2
Q5EAF2	Q5EAF2
Q4W8C9	Q4W8C9
Q4W8C9	Q4W8C9
Q4W8C9	Q4W8C9
Q4W8C9	Q4W8C9
Q502L2	Q502L2
Q502L2	Q502L2
Q502L2	Q09422
Q502L2	Q09422
Q502L2	Q61CA3
Q502L2	Q61CA3
Q1LZ86	Q1LZ86
Q1LZ86	Q1LZ86
Q1LZ86	Q1LZ86
Q1LZ86	Q1LZ86
Q1LZ86	Q1LZ86
Q1LZ86	Q1LZ86
Q1LZ86	Q1LZ86
Q1LZ86	Q1LZ86
Q1LZ86	Q1LZ86
Q1LZ86	Q1LZ86
Q1LZ86	Q1LZ86
Q1LZ86	Q1LZ86
Q1LZ86	Q1LZ86
Q1LZ86	Q1LZ86
Q1LZ86	Q5XI64
Q1LZ86	Q5XI64
Q1LZ86	Q5XI64
Q1LZ86	Q5XI64
Q1LZ86	Q5XI64
Q1LZ86	Q5XI64
Q1LZ86	Q5XI64
Q1LZ86	Q5XI64
Q1LZ86	Q5XI64
Q1LZ86	Q5XI64
Q1LZ86	Q5XI64
Q1LZ86	Q5XI64
Q1LZ86	Q5XI64
Q1LZ86	Q5XI64
Q1LZ86	Q6GLL2
Q1LZ86	Q6GLL2
Q1LZ86	Q6GLL2
Q1LZ86	Q6GLL2
Q1LZ86	Q6GLL2
Q1LZ86	Q6GLL2
Q1LZ86	Q6GLL2
Q1LZ86	Q6GLL2
Q1LZ86	Q6GLL2
Q1LZ86	Q6GLL2
Q1LZ86	Q6GLL2
Q1LZ86	Q6GLL2
Q1LZ86	Q6GLL2
Q1LZ86	Q6GLL2
Q1LZ86	Q7SY73
Q1LZ86	Q7SY73
Q1LZ86	Q7SY73
Q1LZ86	Q7SY73
Q1LZ86	Q7SY73
Q1LZ86	Q7SY73
Q1LZ86	Q7SY73
Q1LZ86	Q7SY73
Q1LZ86	Q7SY73
Q1LZ86	Q7SY73
Q1LZ86	Q7SY73
Q1LZ86	Q7SY73
Q1LZ86	Q7SY73
Q1LZ86	Q7SY73
Q1LZ86	Q9BV23
Q1LZ86	Q9BV23
Q1LZ86	Q9BV23
Q1LZ86	Q9BV23
Q1LZ86	Q9BV23
Q1LZ86	Q9BV23
Q1LZ86	Q9BV23
Q1LZ86	Q9BV23
Q1LZ86	Q9BV23
Q1LZ86	Q9BV23
Q1LZ86	Q9BV23
Q1LZ86	Q9BV23
Q1LZ86	Q9BV23
Q1LZ86	Q9BV23
Q20432	Q20432
Q20432	O95476
Q20432	O95476
Q20432	Q20432
Q20432	Q28HW9
Q20432	Q28HW9
Q20432	Q29I63
Q20432	Q29I63
Q20432	Q5U395
Q20432	Q5U395
Q20432	Q61C05
Q20432	Q61C05
Q28017	Q28017
Q28017	Q28017
Q28017	Q28017
Q28017	Q28017
Q28017	Q28017
Q28017	Q28017
Q28017	Q28017
Q28017	Q28017
Q28017	Q28017
Q28017	Q28017
Q28017	Q28017
Q28017	Q28017
Q28017	Q28017
Q28017	Q28017
Q28017	Q28017
Q28017	Q28262
Q28017	Q28262
Q28017	Q28262
Q28017	Q28262
Q28017	Q28262
Q28017	Q28262
Q28017	Q28262
Q28017	Q28262
Q28017	Q28262
Q28017	Q28262
Q28017	Q28262
Q28017	Q28262
Q28017	Q28262
Q28017	Q28262
Q28017	Q28262
Q28017	P70683
Q28017	P70683
Q28017	P70683
Q28017	P70683
Q28017	P70683
Q28017	P70683
Q28017	P70683
Q28017	P70683
Q28017	P70683
Q28017	P70683
Q28017	P70683
Q28017	P70683
Q28017	P70683
Q28017	P70683
Q28017	P70683
Q28017	Q13093
Q28017	Q13093
Q28017	Q13093
Q28017	Q13093
Q28017	Q13093
Q28017	Q13093
Q28017	Q13093
Q28017	Q13093
Q28017	Q13093
Q28017	Q13093
Q28017	Q13093
Q28017	Q13093
Q28017	Q13093
Q28017	Q13093
Q28017	Q13093
Q28017	Q60963
Q28017	Q60963
Q28017	Q60963
Q28017	Q60963
Q28017	Q60963
Q28017	Q60963
Q28017	Q60963
Q28017	Q60963
Q28017	Q60963
Q28017	Q60963
Q28017	Q60963
Q28017	Q60963
Q28017	Q60963
Q28017	Q60963
Q28017	Q60963
O59718	O59718
O59718	O59718
O62830	O62830
O62830	O62830
O62830	P35815
O62830	P35815
O62830	O62829
O62830	O62829
O62830	Q19775
O62830	Q19775
O62830	Q8N819
O62830	Q8BGL1
O62830	Q8BGL1
O62830	Q8N819
O64583	O64583
O64583	O64583
O64583	Q0D673
O64583	Q0D673
O64583	Q9LDA7
O64583	Q9LDA7
Q9RUV0	Q9RUV0
Q9RUV0	Q9RUV0
Q9SIN9	Q9SIN9
Q9SIN9	Q9SIN9
Q9SIN9	Q9MA46
Q9SIN9	Q9MA46
Q9SIN9	Q9MA46
Q9SIN9	Q948R1
Q9SIN9	Q948R1
Q9SUK9	Q9SUK9
Q9SUK9	Q9SUK9
Q9SUK9	Q9LVQ8
Q9SUK9	Q9LVQ8
Q9SUK9	Q6NVE9
Q9SUK9	Q5U3N5
Q9SUK9	Q5U3N5
Q9SUK9	Q6GR25
Q9SUK9	Q6GR25
Q9SUK9	Q6NVE9
Q9T010	Q9T010
Q9T010	Q9T010
Q5XHB2	Q5XHB2
Q5XHB2	Q566R7
Q5XHB2	Q566R7
Q5XHB2	Q566R7
Q5XHB2	Q5XHB2
Q5XHB2	Q5XHB2
Q5XHB2	Q6GQJ8
Q5XHB2	Q6GQJ8
Q5XHB2	Q6GQJ8
Q5XHB2	Q99N11
Q5XHB2	Q99N11
Q5XHB2	Q99N11
Q5XHB2	Q9NRW4
Q5XHB2	Q9NRW4
Q5XHB2	Q9NRW4
Q5XTS1	Q5XTS1
Q5XTS1	D3ZRC4
Q5XTS1	D3ZRC4
Q5XTS1	D3ZRC4
Q5XTS1	D3ZRC4
Q5XTS1	D3ZRC4
Q5XTS1	D3ZRC4
Q5XTS1	D3ZRC4
Q5XTS1	D3ZRC4
Q5XTS1	D3ZRC4
Q5XTS1	D3ZRC4
Q5XTS1	D3ZRC4
Q5XTS1	D3ZRC4
Q5XTS1	D3ZRC4
Q5XTS1	D3ZRC4
Q5XTS1	D3ZRC4
Q5XTS1	Q5XTS1
Q5XTS1	Q5XTS1
Q5XTS1	Q5XTS1
Q5XTS1	Q5XTS1
Q5XTS1	Q5XTS1
Q5XTS1	Q5XTS1
Q5XTS1	Q5XTS1
Q5XTS1	Q5XTS1
Q5XTS1	Q5XTS1
Q5XTS1	Q5XTS1
Q5XTS1	Q5XTS1
Q5XTS1	Q5XTS1
Q5XTS1	Q5XTS1
Q5XTS1	Q5XTS1
Q5XTS1	Q8K1N1
Q5XTS1	Q8K1N1
Q5XTS1	Q8K1N1
Q5XTS1	Q8K1N1
Q5XTS1	Q8K1N1
Q5XTS1	Q8K1N1
Q5XTS1	Q8K1N1
Q5XTS1	Q8K1N1
Q5XTS1	Q8K1N1
Q5XTS1	Q8K1N1
Q5XTS1	Q8K1N1
Q5XTS1	Q8K1N1
Q5XTS1	Q8K1N1
Q5XTS1	Q8K1N1
Q5XTS1	Q8K1N1
Q5XTS1	Q9NP80
Q5XTS1	Q9NP80
Q5XTS1	Q9NP80
Q5XTS1	Q9NP80
Q5XTS1	Q9NP80
Q5XTS1	Q9NP80
Q5XTS1	Q9NP80
Q5XTS1	Q9NP80
Q5XTS1	Q9NP80
Q5XTS1	Q9NP80
Q5XTS1	Q9NP80
Q5XTS1	Q9NP80
Q5XTS1	Q9NP80
Q5XTS1	Q9NP80
Q5XTS1	Q9NP80
Q5YDB6	Q5YDB6
Q5YDB6	Q5YDB6
Q5YDB6	Q5YDB5
Q5YDB6	Q5YDB5
Q6H7J4	Q6H7J4
Q6H7J4	Q6H7J4
Q6H7J4	Q6H7J3
Q6H7J4	Q6H7J3
Q6ING9	Q6ING9
Q6ING9	Q6ING9
Q6IVY4	Q6IVY4
Q6IVY4	Q6IVY4
Q6IVY4	Q6IVY4
Q6IVY4	Q8TE77
Q6IVY4	Q5XIS1
Q6IVY4	Q5XIS1
Q6IVY4	Q5XIS1
Q6IVY4	Q8K330
Q6IVY4	Q8K330
Q6IVY4	Q8K330
Q6IVY4	Q8TE77
Q6IVY4	Q8TE77
Q6K1U0	Q6K1U0
Q6K1U0	Q6K1U0
Q6K1U0	Q6K5I0
Q6K1U0	Q6K5I0
Q6K1U0	A3A8W6
Q6K1U0	A3A8W6
Q6K6N7	Q6K6N7
Q6K6N7	Q6K6N7
Q6K6N7	Q7XW27
Q6K6N7	Q7XW27
Q6L1F5	Q6L1F5
Q6L1F5	Q6L1F5
Q6L1F5	Q97WI2
Q6L1F5	C3MJC8
Q6L1F5	C3MJC8
Q6L1F5	Q4JCK7
Q6L1F5	Q4JCK7
Q6L1F5	Q96YQ2
Q6L1F5	Q96YQ2
Q6L1F5	Q97WI2
Q6L1F5	Q97WI2
Q6L1F5	A4YEU7
Q6L1F5	A4YEU7
Q6L5C4	Q6L5C4
Q6L5C4	Q0JL75
Q6L5C4	Q0JL75
Q6L5C4	Q5Z6F5
Q6L5C4	Q5Z6F5
Q6L5C4	Q67UX7
Q6L5C4	Q67UX7
Q6L5C4	Q6EN45
Q6L5C4	Q6EN45
Q6L5C4	Q6L5C4
Q6L5C4	Q8LAY8
Q6L5C4	Q8LAY8
Q6L5C4	Q8RXV3
Q6L5C4	Q8RXV3
Q6L5C4	Q94AT1
Q6L5C4	Q94AT1
Q6L5C4	Q7XR06
Q6L5C4	Q7XR06
Q6L5C4	P49598
Q6L5C4	P49598
Q6L5C4	Q0J2L7
Q6L5C4	Q0J2L7
Q6L5C4	Q10MX1
Q6L5C4	Q10MX1
Q6L5C4	Q53Q11
Q6L5C4	Q53Q11
Q6NPM8	Q6NPM8
Q6NPM8	Q6NPM8
Q6NT99	Q6NT99
Q6NT99	Q6NT99
Q6NT99	Q6NT99
A5IZ80	A5IZ80
A5IZ80	A5IZ80
A5IZ80	A5IZ80
A5IZ80	Q4A724
A5IZ80	Q4A724
A5IZ80	Q4A724
A6H730	A6H730
A6H730	A6H730
A6H730	P15309
A6H730	P15309
A6H730	P15309
A6H730	P20646
A6H730	P20646
A6H730	P20646
A6H730	Q8CE08
A6H730	Q8CE08
A6H730	Q8CE08
A6NDG6	A6NDG6
A6NDG6	A6NDG6
A6NDG6	A6NDG6
A6NDG6	D3ZDK7
A6NDG6	D3ZDK7
A6NDG6	D3ZDK7
A6NDG6	Q2T9S4
A6NDG6	Q2T9S4
A6NDG6	Q2T9S4
A6NDG6	Q5F4B1
A6NDG6	Q5F4B1
A6NDG6	Q5F4B1
A6NDG6	Q8VD52
A6NDG6	P60487
A6NDG6	P60487
A6NDG6	P60487
A6NDG6	P60487
A6NDG6	P60487
A6NDG6	Q8VD52
A6NDG6	Q8VD52
A6NDG6	Q8VD52
A6NDG6	Q8VD52
A6NDG6	Q3ZBF9
A6NDG6	Q3ZBF9
A6NDG6	Q3ZBF9
A6NDG6	Q3ZBF9
A6NDG6	Q3ZBF9
A6NDG6	Q96GD0
A6NDG6	Q96GD0
A6NDG6	Q96GD0
A6NDG6	Q96GD0
A6NDG6	Q96GD0
Q6AXW7	Q6AXW7
Q6AXW7	Q5BIP9
Q6AXW7	Q5BIP9
Q6AXW7	Q5BIP9
Q6AXW7	Q5R8X2
Q6AXW7	Q5R8X2
Q6AXW7	Q5R8X2
Q6AXW7	Q6AXW7
Q6AXW7	Q6AXW7
Q6AXW7	Q8VE01
Q6AXW7	Q8VE01
Q6AXW7	Q8VE01
Q6AXW7	Q9D9D8
Q6AXW7	Q9D9D8
Q6AXW7	Q9D9D8
Q6AXW7	Q9H596
Q6AXW7	Q9H596
Q6AXW7	Q9H596
Q6AXW7	O95147
Q6AXW7	O95147
Q6AXW7	O95147
Q6AXW7	Q9JLY7
Q6AXW7	Q9JLY7
Q6AXW7	Q9JLY7
Q6AXW7	Q4G0W2
Q6AXW7	Q4G0W2
Q6AXW7	Q4G0W2
Q6AXW7	Q8BTR5
Q6AXW7	Q8BTR5
Q6AXW7	Q8BTR5
Q6DBV4	Q6DBV4
Q6DBV4	Q6DBV4
Q6DBV4	Q8R2H9
Q6DBV4	Q8R2H9
Q6DBV4	Q8TCT1
Q6DBV4	Q8TCT1
Q6DBV4	O73884
Q6DBV4	O73884
Q50L42	Q50L42
Q50L42	Q50L42
Q50L42	Q50L42
Q50L42	Q50L42
Q50L42	Q50L42
Q50L42	Q50L42
Q50L42	Q50L42
Q50L42	Q50L42
Q50L42	Q50L42
Q50L42	Q3MJ16
Q50L42	Q3MJ16
Q50L42	Q3MJ16
Q50L42	Q3MJ16
Q50L42	Q3MJ16
Q50L42	Q3MJ16
Q50L42	Q3MJ16
Q50L42	Q3MJ16
Q50L42	Q3MJ16
Q50L42	P0C871
Q50L42	P0C869
Q50L42	P0C869
Q50L42	P0C869
Q50L42	P0C869
Q50L42	P0C869
Q50L42	P0C871
Q50L42	P0C871
Q50L42	P0C871
Q50L42	P0C871
Q50L42	P0C871
Q50L42	P0C871
Q50L42	P50393
Q50L42	A4IFJ5
Q50L42	A4IFJ5
Q50L42	A4IFJ5
Q50L42	A4IFJ5
Q50L42	A4IFJ5
Q50L42	A4IFJ5
Q50L42	A4IFJ5
Q50L42	A4IFJ5
Q50L42	A4IFJ5
Q50L42	A4IFJ5
Q50L42	A4IFJ5
Q50L42	A4IFJ5
Q50L42	A4IFJ5
Q50L42	A4IFJ5
Q50L42	A4IFJ5
Q50L42	A4IFJ5
Q50L42	A4IFJ5
Q50L42	A4IFJ5
Q50L42	A4IFJ5
Q50L42	A4IFJ5
Q50L42	B1WAZ6
Q50L42	B1WAZ6
Q50L42	P47712
Q50L42	P47712
Q50L42	P47712
Q50L42	P47712
Q50L42	P47712
Q50L42	P47712
Q50L42	P47712
Q50L42	P47712
Q50L42	P47712
Q50L42	P47712
Q50L42	P47712
Q50L42	P47712
Q50L42	P47712
Q50L42	P47712
Q50L42	P47712
Q50L42	P47712
Q50L42	P47712
Q50L42	P47712
Q50L42	P47712
Q50L42	P47712
Q50L42	P49147
Q50L42	P49147
Q50L42	P50393
Q50L42	P50393
Q50L42	P50393
Q50L42	P50393
Q50L42	P50393
Q50L42	P50393
Q50L42	P50393
Q50L42	P50393
Q50L42	P50393
Q50L42	P50393
Q50L42	P50393
Q50L42	P50393
Q50L42	P50393
Q50L42	P50393
Q50L42	P50393
Q50L42	P50393
Q50L42	P50393
Q50L42	P50393
Q50L42	P50393
Q50L42	P50392
Q50L42	P50392
Q50L42	Q50L41
Q50L42	Q50L41
Q50L42	Q50L41
Q50L42	Q50L41
Q50L42	Q50L41
Q50L42	Q50L41
Q50L42	Q50L41
Q50L42	Q50L41
Q50L42	Q50L41
Q50L42	Q50L43
Q50L42	Q50L43
Q50L42	Q50L43
Q50L42	Q50L43
Q50L42	Q50L43
Q50L42	Q50L43
Q50L42	Q50L43
Q50L42	Q86XP0
Q50L42	Q86XP0
Q50L42	Q86XP0
Q50L42	Q86XP0
Q50L42	Q86XP0
Q50L42	Q86XP0
Q50L42	Q68DD2
Q50L42	Q68DD2
Q50L42	Q68DD2
Q50L42	Q68DD2
Q50L42	Q68DD2
Q50L42	Q68DD2
Q50L42	Q68DD2
Q50L42	Q68DD2
Q50L42	Q68DD2
Q53728	Q53728
Q53728	Q53728
Q54809	Q54809
Q54809	Q54809
Q54809	Q55217
Q54809	Q55217
Q54IF7	Q54IF7
Q54IF7	Q54IF7
Q54ND5	Q54ND5
Q54ND5	Q54ND5
Q54R42	Q54R42
Q54R42	Q54R42
Q54R42	Q54R42
Q54T01	Q54T01
Q54T01	Q54T01
Q54T76	Q54T76
Q54T76	Q54T76
Q54T76	Q54T76
Q54Y32	Q54Y32
Q54Y32	Q54Y32
Q54Y32	Q54Y32
Q54Y32	Q55E39
Q54Y32	Q55E39
Q54Y32	Q55E39
Q556Y8	Q556Y8
Q556Y8	Q556Y8
Q556Y8	Q556Y8
Q55AW9	Q55AW9
Q55AW9	Q55AW9
Q55BI8	Q55BI8
Q55BI8	Q55BI8
Q55BI8	Q55BI8
Q55CS7	Q55CS7
Q55CS7	Q55CS7
Q55CS7	Q55CS7
Q55CS7	Q55CS8
Q55CS7	Q55CS8
Q55CS7	Q55CS8
Q60534	Q60534
Q60534	Q5M828
Q60534	Q5M828
Q60534	Q5M828
Q60534	Q5M828
Q60534	Q5M828
Q60534	Q5M828
Q60534	Q5M828
Q60534	Q5M828
Q60534	Q5M828
Q60534	Q5M828
Q60534	Q5M828
Q60534	Q5M828
Q60534	Q60534
Q60534	Q60534
Q60534	Q60534
Q60534	Q60534
Q60534	Q60534
Q60534	Q60534
Q60534	Q60534
Q60534	Q60534
Q60534	Q60534
Q60534	Q60534
Q60534	Q60534
Q60534	Q8C138
Q60534	Q8C138
Q60534	Q8C138
Q60534	Q8C138
Q60534	Q8C138
Q60534	Q8C138
Q60534	Q8C138
Q60534	Q8C138
Q60534	Q8C138
Q60534	Q8C138
Q60534	Q8C138
Q60534	Q8C138
Q60534	Q96IZ2
Q60534	Q96IZ2
Q60534	Q96IZ2
Q60534	Q96IZ2
Q60534	Q96IZ2
Q60534	Q96IZ2
Q60534	Q96IZ2
Q60534	Q96IZ2
Q60534	Q96IZ2
Q60534	Q96IZ2
Q60534	Q96IZ2
Q60534	Q96IZ2
Q60710	Q60710
Q60710	Q60710
Q60710	Q0VCA5
Q60710	Q0VCA5
Q60710	Q6INN8
Q60710	Q6INN8
Q60710	Q9Y3Z3
Q60710	Q9Y3Z3
Q60710	Q502K2
Q60710	Q502K2
Q60710	Q5ZJL9
Q60710	Q5ZJL9
Q60EX6	Q60EX6
Q60EX6	Q60EX6
Q60EX6	Q54RD6
Q60EX6	Q54RD6
Q60EX6	Q8L7U5
Q60EX6	Q8L7U5
Q60EX6	O02658
Q60EX6	O02658
Q60EX6	Q9LR78
Q60EX6	Q9LR78
Q63421	Q63421
Q63421	Q14123
Q63421	Q14123
Q63421	Q14123
Q63421	Q63421
Q63421	Q63421
Q63421	Q01064
Q63421	Q01064
Q63421	Q01064
Q63421	Q61481
Q63421	P14100
Q63421	P14100
Q63421	P14100
Q63421	P54750
Q63421	P54750
Q63421	P54750
Q63421	Q61481
Q63421	Q61481
Q640M6	Q640M6
Q640M6	Q3KTM2
Q640M6	Q3KTM2
Q640M6	Q640M6
Q640M6	Q8WTR4
Q640M6	Q8WTR4
Q8VID6	Q8VID6
Q8VID6	Q1KKS3
Q8VID6	Q1KKS3
Q8VID6	Q8VID6
Q8VID6	Q9HCR9
Q8VID6	Q9HCR9
Q8W3M6	Q8W3M6
Q8W3M6	Q8W3M6
Q8W3M6	Q28EX9
Q8W3M6	Q28EX9
Q8W3M6	Q2KJD7
Q8W3M6	Q2KJD7
Q8W3M6	Q5ZJJ8
Q8W3M6	Q5ZJJ8
Q8W3M6	Q6DI37
Q8W3M6	Q6DI37
Q8W3M6	Q9XZ16
Q8W3M6	Q9XZ16
Q8WXI4	Q8WXI4
Q8WXI4	Q8WXI4
Q8WXI4	Q8WXI4
Q8WXI4	Q8WXI4
Q8WXI4	Q8VHQ9
Q8WXI4	Q8VHQ9
Q8WXI4	Q8VHQ9
Q8WXI4	Q8VHQ9
Q8WXI4	Q99NB7
Q8WXI4	Q8WYK0
Q8WXI4	Q8WYK0
Q8WXI4	Q8WYK0
Q8WXI4	Q99NB7
Q8WXI4	Q99NB7
Q8WXI4	Q9DBK0
Q8WXI4	Q9DBK0
Q8WXI4	Q9DBK0
Q8WY54	Q8WY54
Q8WY54	Q80Z30
Q8WY54	Q80Z30
Q8WY54	Q8WY54
Q8WY54	P49593
Q8WY54	P49593
Q8WY54	Q8CGA0
Q8WY54	Q8CGA0
Q8WY54	Q9WVR7
Q8WY54	Q9WVR7
Q8WY54	Q4PSE8
Q8WY54	Q4PSE8
Q8WY54	Q7XQU7
Q8WY54	Q7XQU7
Q8WY54	Q9LME4
Q8WY54	Q9LME4
Q8WY54	Q8L7I4
Q8WY54	Q8L7I4
Q8YLG0	Q8YLG0
Q8YLG0	Q8YLG0
Q8YLG0	Q8YLG0
Q8ZU79	Q8ZU79
Q8ZU79	Q8ZU79
Q8ZU79	Q8ZU79
Q8ZU79	Q8ZU79
Q8ZU79	Q8ZU79
Q91UZ5	Q91UZ5
Q91UZ5	O14732
Q91UZ5	O14732
Q91UZ5	O14732
Q91UZ5	O14732
Q91UZ5	P29218
Q91UZ5	P29218
Q91UZ5	P29218
Q91UZ5	P29218
Q91UZ5	P29218
Q91UZ5	P29218
Q91UZ5	P29218
Q91UZ5	P97697
Q91UZ5	P97697
Q91UZ5	P97697
Q91UZ5	P97697
Q91UZ5	P97697
Q91UZ5	P97697
Q91UZ5	P97697
Q91UZ5	Q91UZ5
Q91UZ5	Q91UZ5
Q91UZ5	Q91UZ5
Q91UZ5	P29219
Q91UZ5	P29219
Q91UZ5	P29219
Q91UZ5	P29219
Q91UZ5	P29219
Q91UZ5	P29219
Q91UZ5	P29219
Q91UZ5	O55023
Q91UZ5	O55023
Q91UZ5	O55023
Q91UZ5	O55023
Q91UZ5	O55023
Q91UZ5	O55023
Q91UZ5	O55023
Q91UZ5	O77591
Q91UZ5	O77591
Q91UZ5	O77591
Q91UZ5	O77591
Q91UZ5	O77591
Q91UZ5	O77591
Q91UZ5	O77591
Q91UZ5	P20456
Q91UZ5	P20456
Q91UZ5	P20456
Q91UZ5	P20456
Q91UZ5	P20456
Q91UZ5	P20456
Q91UZ5	P20456
Q91UZ5	P0ADG4
Q91UZ5	P0ADG4
Q91WF7	Q91WF7
Q91WF7	Q91WF7
Q91WF7	Q91WF7
Q91WF7	Q91WF7
Q91Z46	Q91Z46
Q91Z46	Q16828
Q91Z46	Q16828
Q91Z46	Q16828
Q91Z46	Q91Z46
Q91Z46	Q91Z46
Q91Z46	Q99956
Q91Z46	Q99956
Q91Z46	Q99956
Q91Z46	Q9VVW5
Q91Z46	Q9VVW5
Q91Z46	Q9VVW5
Q91Z46	V6CIV8
Q91Z46	V6CIV8
Q91Z46	V6CIV8
Q8C5L6	Q8C5L6
Q8C5L6	Q8C5L6
Q8C5L6	Q8C5L6
Q8C5L6	Q8C5L6
Q8C5L6	Q8C5L6
Q8C5L6	Q9BT40
Q8C5L6	Q9BT40
Q8C5L6	Q9BT40
Q8C5L6	Q9BT40
Q8C5L6	Q9BT40
Q8C5L6	Q9BT40
Q8GY63	Q8GY63
Q8GY63	O49623
Q8GY63	O49623
Q8GY63	Q8GY63
Q8GY63	Q8GY63
Q8GY63	Q84VY5
Q8GY63	Q84VY5
Q8GY63	Q84VY5
Q8GY63	C4M4T9
Q8GY63	C4M4T9
Q8GY63	O94505
Q8GY63	O94505
Q8GY63	O94505
Q8GY63	Q42546
Q8GY63	Q42546
Q8GY63	Q42546
Q8GY63	Q55F34
Q8GY63	Q55F34
Q8GY63	Q55F34
Q8H0Z6	Q8H0Z6
Q8H0Z6	Q8H0Z6
Q8H0Z6	Q9LR47
Q8H0Z6	Q0WQ41
Q8H0Z6	Q0WQ41
Q8H0Z6	Q9LR47
Q8H0Z6	Q84MA2
Q8H0Z6	Q84MA2
Q8H0Z6	Q9FUR2
Q8H0Z6	Q9FUR2
Q8H106	Q8H106
Q8H106	Q8H106
Q8H106	Q9LT75
Q8H106	Q9LT75
Q8H106	O08586
Q8H106	O08586
Q8H106	O08586
Q8H106	O08586
Q8H106	O08586
Q8H106	Q9PUT6
Q8H106	Q9PUT6
Q8H106	Q9PUT6
Q8H106	Q9PUT6
Q8H106	Q9PUT6
Q8H2T0	Q8H2T0
Q8H2T0	Q8H2T0
Q8H2T0	Q7XJ53
Q8H2T0	Q7XJ53
Q8K3R3	Q8K3R3
Q8K3R3	Q62711
Q8K3R3	Q62711
Q8K3R3	Q8K3R3
Q8K3R3	P21671
Q8K3R3	P21671
Q8K3R3	Q4R6L3
Q8K3R3	Q4R6L3
Q8K3R3	Q5RET0
Q8K3R3	Q5RET0
Q8K3R3	Q8SPR7
Q8K3R3	Q8SPR7
Q8K3R3	P10688
Q8K3R3	P10688
Q8K3R3	P10895
Q8K3R3	P10895
Q8K3R3	P51178
Q8K3R3	P51178
Q8K3R3	Q32NH8
Q8K3R3	Q32NH8
Q8K4T5	Q8K4T5
Q8K4T5	Q8K4T5
Q8K4T5	Q8WTR2
Q8K4T5	Q8WTR2
Q6ZKL8	Q6ZKL8
Q6ZKL8	Q6ZKL8
Q6ZKL8	Q8GY60
Q6ZKL8	Q8GY60
Q6ZKL8	Q8H4S6
Q6ZKL8	Q8H4S6
Q6ZKL8	Q8RXZ4
Q6ZKL8	Q8RXZ4
Q6ZKL8	Q9LR65
Q6ZKL8	Q9LR65
Q6ZKL8	Q9SA22
Q6ZKL8	Q9SA22
Q6ZKL8	O82637
Q6ZKL8	O82637
Q6ZKL8	Q0WRB2
Q6ZKL8	Q0WRB2
Q6ZKL8	Q9M9W9
Q6ZKL8	Q9M9W9
Q6ZKL8	Q6L482
Q6ZKL8	Q6L482
Q6ZKL8	Q6Z8B9
Q6ZKL8	Q6Z8B9
Q6ZKL8	Q9FG61
Q6ZKL8	Q9FG61
Q6ZKL8	Q2RBJ6
Q6ZKL8	Q2RBJ6
Q6ZKL8	Q6NKS1
Q6ZKL8	Q6NKS1
Q6ZKL8	Q9LRZ4
Q6ZKL8	Q9LRZ4
Q6ZKL8	Q9M8R7
Q6ZKL8	Q9M8R7
Q6ZKL8	Q2R637
Q6ZKL8	Q2R637
Q6ZKL8	Q9XGZ9
Q6ZKL8	Q9XGZ9
Q75E60	Q75E60
Q75E60	P53538
Q75E60	P53538
Q75E60	Q6C195
Q75E60	Q6C195
Q75E60	Q6CQ61
Q75E60	Q6CQ61
Q75E60	Q6FMU7
Q75E60	Q6FMU7
Q75E60	Q75E60
Q75E60	O42868
Q75E60	O42868
Q75E60	P0CR76
Q75E60	P0CR76
Q75E60	Q22453
Q75E60	Q22453
Q75E60	Q17QI2
Q75E60	Q17QI2
Q75E60	Q6NRQ7
Q75E60	Q6NRQ7
Q75E60	Q6PC19
Q75E60	Q6PC19
Q75E60	Q558Z3
Q75E60	Q558Z3
Q75E60	Q4WHY5
Q75E60	Q2UPU5
Q75E60	Q2UPU5
Q75E60	Q4WHY5
Q75E60	Q4IPC8
Q75E60	Q4IPC8
Q75E60	Q7SFY0
Q75E60	Q2HFZ9
Q75E60	Q2HFZ9
Q75E60	Q7SFY0
Q75E60	Q6BYP7
Q75E60	Q6BYP7
Q75E60	A0A1W2PQ27
Q75E60	A0A1W2PQ27
Q75E60	A0A1W2PR75
Q75E60	A0A1W2PR75
Q75QN6	Q75QN6
Q75QN6	Q75QN6
Q75QN6	Q75QN6
Q75QN6	Q9ZR37
Q75QN6	Q9M8K7
Q75QN6	Q9M8K7
Q75QN6	Q9M8K7
Q75QN6	Q9ZR37
Q75QN6	Q9ZR37
Q769K2	Q769K2
Q769K2	Q58CN9
Q769K2	Q58CN9
Q769K2	Q58CN9
Q769K2	Q58CN9
Q769K2	Q58CN9
Q769K2	Q58CN9
Q769K2	Q58CN9
Q769K2	Q58CN9
Q769K2	Q58CN9
Q769K2	Q58CN9
Q769K2	Q58CN9
Q769K2	Q58CN9
Q769K2	Q58CN9
Q769K2	Q58CN9
Q769K2	Q58CN9
Q769K2	Q58CN9
Q769K2	Q58CN9
Q769K2	Q5RCU3
Q769K2	Q5RCU3
Q769K2	Q5RCU3
Q769K2	Q5RCU3
Q769K2	Q5RCU3
Q769K2	Q5RCU3
Q769K2	Q5RCU3
Q769K2	Q5RCU3
Q769K2	Q5RCU3
Q769K2	Q5RCU3
Q769K2	Q5RCU3
Q769K2	Q5RCU3
Q769K2	Q5RCU3
Q769K2	Q5RCU3
Q769K2	Q5RCU3
Q769K2	Q5RCU3
Q769K2	Q5RCU3
Q769K2	Q769K2
Q769K2	Q769K2
Q769K2	Q769K2
Q769K2	Q769K2
Q769K2	Q769K2
Q769K2	Q769K2
Q769K2	Q769K2
Q769K2	Q769K2
Q769K2	Q769K2
Q769K2	Q769K2
Q769K2	Q769K2
Q769K2	Q769K2
Q769K2	Q769K2
Q769K2	Q769K2
Q769K2	Q769K2
Q769K2	Q769K2
Q769K2	Q965X7
Q769K2	Q965X7
Q769K2	Q965X7
Q769K2	Q965X9
Q769K2	Q965X9
Q769K2	Q965X9
Q7D5F9	Q7D5F9
Q7D5F9	O53424
Q7D5F9	O53424
Q7D5F9	O53424
Q7D5F9	O53424
Q7D5F9	O53424
Q7D5F9	O53424
Q7D5F9	Q7D5F9
Q7K4Q5	Q7K4Q5
Q7K4Q5	Q7K4Q5
Q7K4Q5	Q4R4V2
Q7K4Q5	F1LNI5
Q7K4Q5	F1LNI5
Q7K4Q5	Q4R4V2
Q7K4Q5	P49595
Q7K4Q5	P49595
Q96P26	Q96P26
Q96P26	A3KFX0
Q96P26	A3KFX0
Q96P26	A3KFX0
Q96P26	A3KFX0
Q96P26	A3KFX0
Q96P26	Q91YE9
Q96P26	Q91YE9
Q96P26	Q96P26
Q96P26	Q9BXI3
Q96P26	Q9BXI3
Q96P26	Q9BXI3
Q96P26	Q9BXI3
Q96P26	Q9BXI3
Q96PE3	Q96PE3
Q96PE3	Q96PE3
Q96PE3	Q96PE3
Q96PE3	Q4R4D7
Q96PE3	Q4R4D7
Q96PE3	Q4R4D7
Q96PE3	Q62784
Q96PE3	Q62784
Q96PE3	Q62784
Q96PE3	Q6P1Y8
Q96PE3	Q6P1Y8
Q96PE3	Q6P1Y8
Q96PE3	Q9QWG5
Q96PE3	O15327
Q96PE3	O15327
Q96PE3	O15327
Q96PE3	Q9QWG5
Q96PE3	Q9QWG5
Q99502	Q99502
Q99502	Q99502
Q99502	Q99502
Q99LY2	Q99LY2
Q99LY2	Q7L5L3
Q99LY2	Q7L5L3
Q99LY2	Q7L5L3
Q99LY2	Q7L5L3
Q99LY2	Q7L5L3
Q99LY2	Q99LY2
Q99LY2	Q99LY2
Q99LY2	Q99LY2
Q99LY2	Q99LY2
Q99LY2	Q0VGK4
Q99LY2	Q0VGK4
Q99LY2	Q0VGK4
Q99LY2	Q0VGK4
Q99LY2	Q0VGK4
Q99LY2	Q0VGK4
Q99LY2	Q0VGK4
Q99LY2	Q0VGK4
Q99LY2	Q0VGK4
Q99LY2	Q0VGK4
Q99LY2	Q0VGK4
Q99LY2	Q0VGK4
Q99LY2	Q8N9F7
Q99LY2	Q8N9F7
Q99LY2	Q8N9F7
Q99LY2	Q8N9F7
Q99LY2	Q8N9F7
Q99LY2	Q8N9F7
Q99LY2	Q8N9F7
Q99LY2	Q8N9F7
Q99LY2	Q8N9F7
Q99LY2	Q8N9F7
Q99LY2	Q8N9F7
Q99LY2	Q8N9F7
Q9BX95	Q9BX95
Q9BX95	Q99P55
Q9BX95	Q99P55
Q9BX95	Q9BX95
Q9BX95	Q9JI99
Q9BX95	Q9JI99
Q9BX95	Q8IWX5
Q9BX95	Q810K3
Q9BX95	Q810K3
Q9BX95	Q810K3
Q9BX95	Q8IWX5
Q9BX95	Q8IWX5
Q9BY84	Q9BY84
Q9BY84	Q9BY84
Q9BY84	Q9BY84
Q9BY84	O09112
Q9BY84	O09112
Q9BY84	O09112
Q9BY84	Q13202
Q9BY84	Q13202
Q9BY84	Q13202
Q9BY84	Q8BFV3
Q9BY84	P28562
Q9BY84	P28562
Q9BY84	P28562
Q9BY84	Q8BFV3
Q9BY84	Q8BFV3
Q9BY84	Q90W58
Q9BY84	Q90W58
Q9BY84	Q90W58
Q9BY84	Q91790
Q9BY84	Q91790
Q9BY84	Q91790
Q9BY84	Q9PW71
Q9BY84	Q9PW71
Q9BY84	Q9PW71
Q9BY84	O54838
Q9BY84	O54838
Q9BY84	O54838
Q9BY84	Q16690
Q9BY84	Q16690
Q9BY84	Q16690
Q9BZM2	Q9BZM2
Q9BZM2	Q9BZM2
Q9BZM2	Q9BZM2
Q9BZM2	Q9BZM2
Q9BZM2	Q9BZM2
Q9BZM2	Q9BZM2
Q9BZM2	Q9QZT4
Q9BZM2	Q9QZT4
Q9BZM2	Q9QZT4
Q9BZM2	Q9QZT4
Q9BZM2	Q9QZT4
Q9BZM2	Q9QZT4
Q9BZM2	O15496
Q9BZM2	O15496
Q9BZM2	O15496
Q9BZM2	O15496
Q9BZM2	O15496
Q9BZM2	O15496
Q9BZM2	O15496
Q9BZM2	O15496
Q9BZM2	O15496
Q9BZM2	O15496
Q9BZM2	Q9QXX3
Q9BZM2	Q9QXX3
Q9BZM2	Q9QXX3
Q9BZM2	Q9QXX3
Q9BZM2	Q9QXX3
Q9BZM2	Q9QXX3
Q9BZM2	Q9QXX3
Q9BZM2	Q9QXX3
Q9BZM2	Q9QXX3
Q9BZM2	Q9QXX3
Q9BZM2	Q9QZT3
Q9BZM2	Q9QZT3
Q9BZM2	Q9QZT3
Q9BZM2	Q9QZT3
Q9BZM2	Q9QZT3
Q9BZM2	Q9QZT3
Q9BZM2	Q9QZT3
Q9BZM2	Q9QZT3
Q9BZM2	Q9QZT3
Q9BZM2	Q9QZT3
Q9BZM2	P14423
Q9BZM2	P14423
Q9BZM2	P14423
Q9BZM2	P14423
Q9BZM2	P14423
Q9BZM2	P14423
Q9BZM2	P14423
Q9BZM2	P14423
Q9BZM2	P14423
Q9BZM2	P14423
Q9BZM2	P14423
Q9BZM2	P14423
Q9BZM2	P14423
Q9BZM2	P31482
Q9BZM2	P31482
Q9BZM2	P31482
Q9BZM2	P31482
Q9BZM2	P31482
Q9BZM2	P31482
Q9BZM2	P31482
Q9BZM2	P31482
Q9BZM2	P31482
Q9BZM2	P31482
Q9BZM2	P31482
Q9BZM2	P31482
Q9BZM2	P31482
Q9BZM2	P47711
Q9BZM2	P47711
Q9BZM2	P47711
Q9BZM2	P47711
Q9BZM2	P47711
Q9BZM2	P47711
Q9BZM2	P47711
Q9BZM2	P47711
Q9BZM2	P47711
Q9BZM2	P47711
Q9BZM2	P47711
Q9BZM2	P47711
Q9BZM2	P47711
Q9BZM2	P14555
Q9BZM2	P14555
Q9BZM2	P14555
Q9BZM2	P14555
Q9BZM2	P14555
Q9BZM2	P14555
Q9BZM2	P14555
Q9BZM2	P14555
Q9BZM2	P14555
Q9BZM2	P14555
Q9BZM2	P14555
Q9BZM2	P14555
Q9BZM2	P14555
Q9BZM2	P39877
Q9BZM2	P39877
Q9BZM2	P39877
Q9BZM2	P39877
Q9BZM2	P39877
Q9BZM2	P39877
Q9BZM2	P39877
Q9BZM2	P39877
Q9BZM2	P39877
Q9BZM2	P39877
Q9BZM2	P51433
Q9BZM2	P51433
Q9BZM2	P51433
Q9BZM2	P51433
Q9BZM2	P51433
Q9BZM2	P51433
Q9BZM2	P51433
Q9BZM2	P51433
Q9BZM2	P51433
Q9BZM2	P51433
Q9BZM2	P97391
Q9BZM2	P97391
Q9BZM2	P97391
Q9BZM2	P97391
Q9BZM2	P97391
Q9BZM2	P97391
Q9BZM2	P97391
Q9BZM2	P97391
Q9BZM2	P97391
Q9BZM2	P97391
Q9BZM2	Q56JZ2
Q9BZM2	Q56JZ2
Q9BZM2	Q56JZ2
Q9BZM2	Q56JZ2
Q9BZM2	Q56JZ2
Q9BZM2	Q56JZ2
Q9BZM2	Q56JZ2
Q9BZM2	Q56JZ2
Q9BZM2	Q56JZ2
Q9BZM2	Q56JZ2
Q9BZM2	Q56JZ2
Q9BZM2	Q56JZ2
Q9BZM2	Q56JZ2
Q9BZM2	Q9NZK7
Q9BZM2	Q9NZK7
Q9BZM2	Q9NZK7
Q9BZM2	Q9NZK7
Q9BZM2	Q9NZK7
Q9BZM2	Q9NZK7
Q9BZM2	Q9NZK7
Q9BZM2	Q9NZK7
Q9BZM2	Q9NZK7
Q9BZM2	Q9NZK7
Q9BZM2	Q9NZK7
Q9BZM2	Q9QUL3
Q9BZM2	Q9QUL3
Q9BZM2	Q9QUL3
Q9BZM2	Q9QUL3
Q9BZM2	Q9QUL3
Q9BZM2	Q9QUL3
Q9BZM2	Q9QUL3
Q9BZM2	Q9QUL3
Q9BZM2	Q9QUL3
Q9BZM2	Q9QUL3
Q9BZM2	Q9QUL3
Q9BZM2	Q9UNK4
Q9BZM2	Q9UNK4
Q9BZM2	Q9UNK4
Q9BZM2	Q9UNK4
Q9BZM2	Q9UNK4
Q9BZM2	Q9UNK4
Q9BZM2	Q9UNK4
Q9BZM2	Q9UNK4
Q9BZM2	Q9UNK4
Q9BZM2	Q9UNK4
Q9BZM2	Q9WVF6
Q9BZM2	Q9WVF6
Q9BZM2	Q9WVF6
Q9BZM2	Q9WVF6
Q9BZM2	Q9WVF6
Q9BZM2	Q9WVF6
Q9BZM2	Q9WVF6
Q9BZM2	Q9WVF6
Q9BZM2	Q9WVF6
Q9BZM2	Q9WVF6
Q9CAJ0	Q9CAJ0
Q9CAJ0	Q9CAJ0
Q9CAJ0	P49597
Q9CAJ0	P49597
Q9CAJ0	Q6L5H6
Q9CAJ0	Q6L5H6
Q9CAJ0	Q9LNP9
Q9CAJ0	Q9LNP9
Q9CAJ0	A5PJZ2
Q9CAJ0	A5PJZ2
Q9CQJ0	Q9CQJ0
Q9CQJ0	Q8N1Q8
Q9CQJ0	Q8N1Q8
Q9CQJ0	Q8N1Q8
Q9CQJ0	Q8N1Q8
Q9CQJ0	Q8N1Q8
Q9CQJ0	Q8N1Q8
Q9CQJ0	Q8N1Q8
Q9CQJ0	Q9CQJ0
Q9CQJ0	Q9CQJ0
Q9CQJ0	Q9CQJ0
Q9CQJ0	Q9CQJ0
Q9CQJ0	Q9CQJ0
Q9CQJ0	Q9CQJ0
Q9CQJ0	Q5T1C6
Q9CQJ0	Q5T1C6
Q9CQJ0	Q5T1C6
Q9CQJ0	Q5T1C6
Q9CQJ0	Q5T1C6
Q9CQJ0	Q5T1C6
Q9CQJ0	Q5T1C6
Q9CQJ0	A1A4L1
Q9CQJ0	A1A4L1
Q9CQJ0	A1A4L1
Q9CQJ0	A1A4L1
Q9CQJ0	A1A4L1
Q9CQJ0	A1A4L1
Q9CQJ0	A1A4L1
Q9CQJ0	Q3UUI3
Q9CQJ0	Q3UUI3
Q9CQJ0	Q3UUI3
Q9CQJ0	Q3UUI3
Q9CQJ0	Q3UUI3
Q9CQJ0	Q3UUI3
Q9CQJ0	Q3UUI3
Q9CQJ0	Q566R0
Q9CQJ0	Q566R0
Q9CQJ0	Q566R0
Q9CQJ0	Q566R0
Q9CQJ0	Q566R0
Q9CQJ0	Q566R0
Q9CQJ0	Q566R0
Q9CQJ0	Q6GLK2
Q9CQJ0	Q6GLK2
Q9CQJ0	Q6GLK2
Q9CQJ0	Q6GLK2
Q9CQJ0	Q6GLK2
Q9CQJ0	Q6GLK2
Q9CQJ0	Q6GLK2
Q9D8B1	Q9D8B1
Q9D8B1	Q9D8B1
Q9D8B1	Q9D8B1
Q9D8B1	Q9D8B1
Q9D8B1	Q9D8B1
Q9D8B1	Q9D8B1
Q9D8B1	Q9D8B1
Q9D8B1	Q9D8B1
Q9D8B1	Q9D8B1
Q9D8B1	Q9D8B1
Q9D8B1	Q9D8B1
Q9D8B1	Q9D8B1
Q9ESS0	Q9ESS0
Q9ESS0	Q9ESS0
Q9ESS0	Q9ESS0
Q9EX73	Q9EX73
Q9EX73	Q9EX73
Q9FN02	Q9FN02
Q9FN02	Q9FN02
Q9H0P0	Q9H0P0
Q9H0P0	Q2TAG6
Q9H0P0	Q2TAG6
Q9H0P0	Q2TAG6
Q9H0P0	Q5ZID6
Q9H0P0	Q5ZID6
Q9H0P0	Q969T7
Q9H0P0	Q969T7
Q9H0P0	Q969T7
Q9H0P0	Q9D020
Q9H0P0	Q9D020
Q9H0P0	Q9H0P0
Q9H0P0	Q9H0P0
Q9H0P0	Q3UFY7
Q9H0P0	Q3UFY7
Q9H0P0	Q3UFY7
Q9H0P0	Q5ZKF6
Q9H0P0	Q5ZKF6
Q9H0P0	Q5ZKF6
Q9H0P0	Q9W197
Q9H0P0	Q9W197
Q9H0P0	Q9W197
Q9H1R2	Q9H1R2
Q9H1R2	B4F7B7
Q9H1R2	B4F7B7
Q9H1R2	B4F7B7
Q9H1R2	Q9H1R2
Q9H1R2	Q9H1R2
Q83WC8	Q83WC8
Q83WC8	Q83WC8
Q83WC8	Q83WC8
Q84K11	Q84K11
Q84K11	Q84K11
Q84K11	Q84XU2
Q84K11	Q84XU2
Q84K11	O43049
Q84K11	O43049
Q84K11	P53041
Q84K11	P53041
Q84K11	Q2U919
Q84K11	Q2U919
Q84K11	Q9NES8
Q84K11	Q9NES8
Q84K11	P53043
Q84K11	P53043
Q84K11	Q388N2
Q84K11	Q388N2
Q84VZ1	Q84VZ1
Q84VZ1	Q84VZ1
Q869K3	Q869K3
Q869K3	Q869K3
Q869K3	Q869K3
Q869K3	O95861
Q869K3	O95861
Q869K3	O95861
Q869K3	Q3ZCK3
Q869K3	Q3ZCK3
Q869K3	Q3ZCK3
Q869K3	Q9Z0S1
Q869K3	Q9Z0S1
Q869K3	Q9Z0S1
Q86IG3	Q86IG3
Q86IG3	Q86IG3
Q86IG3	Q86IG3
Q883R9	Q883R9
Q883R9	Q883R9
Q883R9	Q9I2Y2
Q883R9	Q9I2Y2
Q88QS0	Q88QS0
Q88QS0	Q88QS0
Q8A947	Q8A947
Q8A947	Q8A947
Q8A947	Q8A947
Q8BHA3	Q8BHA3
Q8BHA3	E1C762
Q8BHA3	E1C762
Q8BHA3	E1C762
Q8BHA3	E1C762
Q8BHA3	Q8BHA3
Q8BHA3	Q8BHA3
Q8BHA3	Q8BHA3
Q8BHA3	Q96FN9
Q8BHA3	Q96FN9
Q8BHA3	Q96FN9
Q8BHA3	Q96FN9
Q8BHA3	Q68EL2
Q8BHA3	Q68EL2
Q8BHA3	Q68EL2
Q8BHA3	Q68EL2
B0BZF8	B0BZF8
B0BZF8	B0BZF8
B0BZF8	B0C1Z3
B0BZF8	B0C1Z3
B0BZF8	B0JKN5
B0BZF8	B0JKN5
B0BZF8	B1WQ07
B0BZF8	B1WQ07
B0BZF8	B1XLK5
B0BZF8	B1XLK5
B0BZF8	P73922
B0BZF8	P73922
B0BZF8	Q117I5
B0BZF8	Q117I5
B0BZF8	Q2JJG9
B0BZF8	Q2JJG9
B0BZF8	Q31QY2
B0BZF8	Q31QY2
B0BZF8	Q3M6T3
B0BZF8	Q3M6T3
B0BZF8	Q8DJE9
B0BZF8	Q8DJE9
B0BZF8	A2C1K3
B0BZF8	A2BQQ2
B0BZF8	A2BQQ2
B0BZF8	A2BW64
B0BZF8	A2BW64
B0BZF8	A2C1K3
B0BZF8	A2CAB7
B0BZF8	A2CAB7
B0BZF8	A5GTE9
B0BZF8	A5GTE9
B0BZF8	Q0I9I3
B0BZF8	Q0I9I3
B0BZF8	Q3AK74
B0BZF8	Q3AK74
B0BZF8	Q7TVA4
B0BZF8	Q7TVA4
B0BZF8	Q7NG31
B0BZF8	Q7NG31
B2GV54	B2GV54
B2GV54	B2GV54
B2GV54	B2GV54
B2GV54	Q1JQE6
B2GV54	Q1JQE6
B2GV54	Q1JQE6
B2GV54	Q5R8Y5
B2GV54	Q5R8Y5
B2GV54	Q5R8Y5
B2GV54	Q8BLF1
B2GV54	Q8BLF1
B2GV54	Q8BLF1
B2RZ50	B2RZ50
B2RZ50	B2RZ50
B2RZ50	B2RZ50
B2RZ50	Q16667
B2RZ50	Q16667
B2RZ50	Q9MYN5
B2RZ50	Q9MYN5
B2RZ50	Q9MYN5
A2STU3	A2STU3
A2STU3	A2STU3
A2STU3	A3CSJ1
A2STU3	A3CSJ1
A2STU3	B8GIX8
A2STU3	B8GIX8
A2STU3	Q46AI3
A2STU3	P58850
A2STU3	P58850
A2STU3	Q46AI3
A2STU3	Q8PS92
A2STU3	Q8PS92
A2STU3	A3DLP6
A2STU3	A3DLP6
A2STU3	A8ABM7
A2STU3	A8ABM7
A2STU3	B1L7I3
A2STU3	B1L7I3
A2STU3	O57774
A2STU3	B6YSX3
A2STU3	B6YSX3
A2STU3	C5A422
A2STU3	C5A422
A2STU3	O57774
A2STU3	P58852
A2STU3	P58852
A2STU3	Q5JH30
A2STU3	Q5JH30
A2STU3	Q9V2R8
A2STU3	Q9V2R8
A2STU3	Q9V2R8
A2STU3	Q97CM5
A2STU3	Q97CM5
A2STU3	Q9HM47
A2STU3	Q9HM47
A2STU3	Q2FPX3
A2STU3	Q2FPX3
A2STU3	A6UUZ4
A2STU3	A6UP03
A2STU3	A6UP03
A2STU3	A6UUZ4
A2STU3	Q57630
A2STU3	Q57630
A2STU3	A4FY35
A2STU3	A4FY35
A2STU3	A6VFS5
A2STU3	A6VFS5
A2STU3	Q6LYK1
A2STU3	Q6LYK1
A2STU3	P58851
A2STU3	P58851
A2STU3	Q9YBW7
A2STU3	Q9YBW7
A2STU3	A2BKX3
A2STU3	A2BKX3
A2STU3	B8D4Z8
A2STU3	B8D4Z8
A3A8Q4	A3A8Q4
A3A8Q4	A3A8Q4
A3A8Q4	A3A8W2
A3A8Q4	A3A8W2
A3A8Q4	Q67UP9
A3A8Q4	O81716
A3A8Q4	O81716
A3A8Q4	Q67UP9
A3A8Q4	Q6ETK3
A3A8Q4	Q6ETK3
A3A8Q4	Q9SZ53
A3A8Q4	Q9SZ53
A3A8Q4	Q653S3
A3A8Q4	Q653S3
A3A8Q4	Q7XU84
A3A8Q4	Q7XU84
A3A8Q4	Q6K1U4
A3A8Q4	Q6K1U4
A4W960	A4W960
A4W960	A4W960
A4W960	A7MG20
A4W960	A7MG20
A4W960	A8AI35
A4W960	A8AI35
A4W960	B4T2X8
A4W960	B4T2X8
A4W960	B5XXK9
A4W960	B5XXK9
A4W960	B7LT90
A4W960	B7LT90
A4W960	C9Y0V8
A4W960	C9Y0V8
A4W960	D2TT52
A4W960	D2TT52
A4W960	D5CE05
A4W960	D5CE05
A4W960	P0A8D6
A4W960	P0A8D6
A4W960	E1PL40
A4W960	E1PL40
A4W960	E1SDF1
A4W960	E1SDF1
Q64559	Q64559
Q64559	O00154
Q64559	O00154
Q64559	O00154
Q64559	O00154
Q64559	O00154
Q64559	O00154
Q64559	O00154
Q64559	Q64559
Q64559	Q64559
Q64559	Q64559
Q64559	Q64559
Q64559	Q64559
Q64559	Q64559
Q64559	Q91V12
Q64559	Q91V12
Q64559	Q91V12
Q64559	Q91V12
Q64559	Q91V12
Q64559	Q91V12
Q64559	Q91V12
Q68J42	Q68J42
Q68J42	P16386
Q68J42	P16386
Q68J42	P16386
Q68J42	P16386
Q68J42	P16386
Q68J42	P16386
Q68J42	P16386
Q68J42	P16386
Q68J42	P16386
Q68J42	P16386
Q68J42	P16386
Q68J42	Q68J42
Q68J42	Q68J42
Q68J42	Q68J42
Q68J42	Q68J42
Q68J42	Q68J42
Q68J42	Q68J42
Q68J42	Q68J42
Q68J42	Q68J42
Q68J42	Q68J42
Q68J42	Q68J42
Q68J42	P54310
Q68J42	P54310
Q68J42	P54310
Q68J42	P54310
Q68J42	P54310
Q68J42	P54310
Q68J42	P54310
Q68J42	P54310
Q68J42	P54310
Q68J42	P54310
Q68J42	P54310
Q7XP01	Q7XP01
Q7XP01	Q7XP01
Q7XP01	Q0JLP9
Q7XP01	Q0JLP9
Q7XP01	Q6L4R7
Q7XP01	Q6L4R7
Q7XP01	Q5SN75
Q7XP01	Q5SN75
Q7XP01	Q65XK7
Q7XP01	Q65XK7
Q7XP01	Q65XG6
Q7XP01	Q65XG6
Q7XP01	Q5N9N2
Q7XP01	Q5N9N2
Q7XP01	Q9FLI3
Q7XP01	Q9FLI3
Q7XP01	Q9LNW3
Q7XP01	Q9LNW3
Q7XP01	Q9FIF5
Q7XP01	Q9FIF5
Q7XP01	Q9ZW21
Q7XP01	Q9ZW21
Q7XVF9	Q7XVF9
Q7XVF9	Q7XVF9
Q7XVF9	Q9LUS8
Q7XVF9	Q9LUS8
Q7XZU3	Q7XZU3
Q7XZU3	Q7XZU3
Q7XZU3	Q7XZU3
Q7YSW8	Q7YSW8
Q7YSW8	Q7YSW8
Q7YSW8	A8XE00
Q7YSW8	A8XE00
Q7YSW8	P48528
Q7YSW8	P48528
Q7YSW8	P48529
Q7YSW8	P48529
Q7YSW8	Q9XTT8
Q7YSW8	Q9XTT8
Q7YSW8	O00743
Q7YSW8	O00743
Q7YSW8	Q9U9A3
Q7YSW8	Q9U9A3
Q7YSW8	Q10298
Q7YSW8	Q10298
Q7YSW8	Q27884
Q7YSW8	Q27884
Q7YSW8	Q59KY8
Q7YSW8	P20604
Q7YSW8	P20604
Q7YSW8	P36614
Q7YSW8	P36614
Q7YSW8	Q59KY8
Q7YSW8	Q8LSN3
Q7YSW8	Q8LSN3
Q7YSW8	P23595
Q7YSW8	A0CCD2
Q7YSW8	A0CCD2
Q7YSW8	A2X2G3
Q7YSW8	A2X2G3
Q7YSW8	G5EGK8
Q7YSW8	G5EGK8
Q7YSW8	O04860
Q7YSW8	O04860
Q7YSW8	O04951
Q7YSW8	O04951
Q7YSW8	O76932
Q7YSW8	O76932
Q7YSW8	P0C5D7
Q7YSW8	P0C5D7
Q7YSW8	P11084
Q7YSW8	P11084
Q7YSW8	P11611
Q7YSW8	P11611
Q7YSW8	P23594
Q7YSW8	P23594
Q7YSW8	P23595
Q7YSW8	P23635
Q7YSW8	P23635
Q7YSW8	P23636
Q7YSW8	P23636
Q7YSW8	P23696
Q7YSW8	P23696
Q7YSW8	P32345
Q7YSW8	P32345
Q7YSW8	P48577
Q7YSW8	P48577
Q7YSW8	P48578
Q7YSW8	P48578
Q7YSW8	P48579
Q7YSW8	P48579
Q7YSW8	P48580
Q7YSW8	P48580
Q7YSW8	Q07098
Q7YSW8	Q07098
Q7YSW8	Q6CNT6
Q7YSW8	Q6CNT6
Q7YSW8	Q8X178
Q7YSW8	Q8X178
Q7YSW8	Q9HFQ2
Q7YSW8	Q9HFQ2
Q7YSW8	Q9XZE5
Q7YSW8	Q9XZE5
Q7YSW8	Q9ZSE4
Q7YSW8	Q9ZSE4
Q7YSW8	A0CNL9
Q7YSW8	A0CNL9
Q7YSW8	Q74ZR2
Q7YSW8	A0DJ90
Q7YSW8	A0DJ90
Q7YSW8	Q6FM81
Q7YSW8	Q6FM81
Q7YSW8	Q74ZR2
Q7YSW8	P48456
Q7YSW8	P48456
Q7YTB0	Q7YTB0
Q7YTB0	Q7YTB0
Q7YTB0	Q7YTB0
Q7YTB0	Q7YTB0
Q802V6	Q802V6
Q802V6	P08910
Q802V6	P08910
Q802V6	P08910
Q802V6	P08910
Q802V6	P08910
Q802V6	Q05AK6
Q802V6	Q05AK6
Q802V6	Q05AK6
Q802V6	Q05AK6
Q802V6	Q05AK6
Q802V6	Q802V6
Q802V6	Q802V6
Q802V6	Q802V6
Q802V6	Q802V6
Q80YV4	Q80YV4
Q80YV4	Q4R4U1
Q80YV4	Q4R4U1
Q80YV4	Q4R4U1
Q80YV4	Q80YV4
Q80YV4	Q80YV4
Q80YV4	Q923S8
Q80YV4	Q923S8
Q80YV4	Q923S8
Q8SRZ0	Q8SRZ0
Q8SRZ0	Q8SRZ0
Q8SRZ0	O82734
Q8SRZ0	O82734
Q8SRZ0	P48490
Q8SRZ0	P48490
Q8SRZ0	Q9M9W3
Q8SRZ0	Q9M9W3
Q8SV03	Q8SV03
Q8SV03	Q8SV03
Q8T3G2	Q8T3G2
Q8T3G2	Q8T3G2
Q8T3G2	Q9XYL0
Q8T3G2	Q9XYL0
Q8T9S7	Q8T9S7
Q8T9S7	Q8T9S7
Q8T9S7	Q8T9S7
Q8T9S7	Q8T9S7
Q8T9S7	Q8T9S7
Q8T9S7	O94526
Q8T9S7	O94526
Q8T9S7	O94526
Q8TB40	Q8TB40
Q8TB40	Q8TB40
Q8TB40	Q8TB40
Q8TB40	Q8TB40
Q8TB40	Q8TB40
Q8TB40	Q8TB40
Q8TB40	Q8TB40
Q8TB40	Q8TB40
Q8TB40	Q8TB40
Q8TB40	Q8TB40
Q8VC34	Q8VC34
Q8VC34	Q8VC34
Q8VC34	F6RRD7
Q8VC34	F6RRD7
Q8VC34	Q5I0E6
Q8VC34	Q5I0E6
Q8VC34	Q5RA37
Q8VC34	Q5RA37
Q8VC34	A8DYY5
Q8VC34	A8DYY5
Q8VC34	B0UYH6
Q8VC34	B0UYH6
Q91ZP3	Q91ZP3
Q91ZP3	Q14693
Q91ZP3	Q14693
Q91ZP3	Q14693
Q91ZP3	Q14693
Q91ZP3	Q14693
Q91ZP3	Q14693
Q91ZP3	Q14693
Q91ZP3	Q14693
Q91ZP3	Q14693
Q91ZP3	Q14693
Q91ZP3	Q14693
Q91ZP3	Q14693
Q91ZP3	Q14693
Q91ZP3	Q14693
Q91ZP3	Q14693
Q91ZP3	Q91ZP3
Q91ZP3	Q91ZP3
Q91ZP3	Q91ZP3
Q91ZP3	Q91ZP3
Q91ZP3	Q91ZP3
Q91ZP3	Q91ZP3
Q91ZP3	Q91ZP3
Q91ZP3	Q91ZP3
Q91ZP3	Q91ZP3
Q91ZP3	Q91ZP3
Q91ZP3	Q91ZP3
Q91ZP3	Q91ZP3
Q91ZP3	Q91ZP3
Q91ZP3	Q91ZP3
Q92058	Q92058
Q92058	Q92058
Q92058	Q92058
Q92058	Q92058
Q92058	Q92058
Q93MW7	Q93MW7
Q93MW7	Q93MW7
Q93V88	Q93V88
Q93V88	Q93V88
Q93YS2	Q93YS2
Q93YS2	Q93YS2
Q93YS2	Q9M1V8
Q93YS2	Q9M1V8
Q93YS2	A3CCP9
Q93YS2	A3CCP9
Q94252	Q94252
Q94252	Q94252
Q94252	P38571
Q94252	P38571
Q94252	P38571
Q94252	P38571
Q94252	P80035
Q94252	P80035
Q94252	P80035
Q94252	Q64194
Q94252	Q64194
Q94252	Q64194
Q94252	Q64194
Q94252	Q9Z0M5
Q94252	Q9Z0M5
Q94252	Q9Z0M5
Q94252	Q9Z0M5
Q94252	P07098
Q94252	P04634
Q94252	P04634
Q94252	P04634
Q94252	P07098
Q94252	P07098
Q94252	Q29458
Q94252	Q29458
Q94252	Q29458
Q94252	Q9CPP7
Q94252	Q9CPP7
Q94252	Q9CPP7
Q94252	Q71DJ5
Q94252	Q71DJ5
Q94252	Q71DJ5
Q942P9	Q942P9
Q942P9	Q942P9
Q942P9	O64730
Q942P9	O64730
Q95QG8	Q95QG8
Q95QG8	Q95QG8
Q96AD5	Q96AD5
Q96AD5	Q2KI18
Q96AD5	Q2KI18
Q96AD5	Q2KI18
Q96AD5	Q2KI18
Q96AD5	Q2KI18
Q96AD5	Q2KI18
Q96AD5	Q2KI18
Q96AD5	Q2KI18
Q96AD5	Q2KI18
Q96AD5	Q2KI18
Q96AD5	Q8BJ56
Q96AD5	Q8BJ56
Q96AD5	Q8BJ56
Q96AD5	Q8BJ56
Q96AD5	Q8BJ56
Q96AD5	Q8BJ56
Q96AD5	Q8BJ56
Q96AD5	Q8BJ56
Q96AD5	Q8BJ56
Q96AD5	Q8BJ56
Q96AD5	Q96AD5
Q96AD5	Q96AD5
Q96AD5	Q96AD5
Q96AD5	Q96AD5
Q96AD5	Q96AD5
Q96AD5	Q96AD5
Q96AD5	Q96AD5
Q96AD5	Q96AD5
Q96AD5	Q96AD5
Q96AD5	P41247
Q96AD5	P41247
Q96AD5	P41247
Q96AD5	P41247
Q96AD5	P41247
Q96AD5	P41247
Q96AD5	P41247
Q96AD5	P41247
Q96AD5	P41247
Q96AD5	P41247
Q96AD5	P41247
Q96EF0	Q96EF0
Q96EF0	Q5F452
Q96EF0	Q5F452
Q96EF0	Q5F452
Q96EF0	Q6TEL0
Q96EF0	Q6TEL0
Q96EF0	Q6TEL0
Q96EF0	Q96EF0
Q96EF0	Q96EF0
Q96EF0	Q5R6F6
Q96EF0	Q5R6F6
Q96EF0	Q9Z2C9
Q96EF0	Q9Z2C9
Q96EF0	Q9Y217
Q96EF0	Q9Y217
Q96EF0	Q9Y217
Q96EF0	Q9Y217
Q96EF0	A0A0G2JXT6
Q96EF0	A0A0G2JXT6
Q96EF0	A0A0G2JXT6
Q96EF0	A0A0G2JXT6
Q96EF0	Q8VE11
Q96EF0	Q8VE11
Q96EF0	Q8VE11
Q96EF0	Q8VE11
Q96EF0	G5ED68
Q96EF0	G5ED68
Q96EF0	G5ED68
Q96EF0	G5ED68
Q96EF0	Q9N589
Q96EF0	Q9N589
Q96EF0	Q9N589
A0A0H2V660	A0A0H2V660
A0A0H2V660	A0A0H2V660
A0A0H2V660	A0A0H2V660
A0A0H2V660	A0A0H2V660
A0A0H2V871	A0A0H2V871
A0A0H2V871	A0A0H2V871
A0A0H2V871	A0A0H2V871
A0A0H2V871	A0A0H2V871
A0A0H2ZFK2	A0A0H2ZFK2
A0A0H2ZFK2	A0A0H2ZFK2
A0A0H3KNC4	A0A0H3KNC4
A0A0H3KNC4	A0A0H3KNC4
A0A0H3KNC4	A0A0H3KNC4
A0A0H3KNC4	A0A0H3KNC4
A0A0H3KNC4	A0A0H3KNC4
A0A0H3KNC4	Q0BGE1
A0A0H3KNC4	Q0BGE1
A0A0H3KNC4	Q0BGE1
A0A0H3KNC4	Q0BGE1
A0A0H3KNC4	Q0BGE1
A0A0R4IVA4	A0A0R4IVA4
A0A0R4IVA4	A0A0R4IVA4
A0A0R4IVA4	A0A0R4IVA4
A0A0R4IVA4	Q6GQT0
A0A0R4IVA4	Q6GQT0
A0A0R4IVA4	Q6GQT0
A0A0R4IVA4	Q9UNH5
A0A0R4IVA4	Q9UNH5
A0A0R4IVA4	Q9UNH5
A0A0R4IVA4	O60729
A0A0R4IVA4	A4D256
A0A0R4IVA4	A4D256
A0A0R4IVA4	A4D256
A0A0R4IVA4	A6N3Q4
A0A0R4IVA4	A6N3Q4
A0A0R4IVA4	A6N3Q4
A0A0R4IVA4	O60729
A0A0R4IVA4	O60729
A0A0R4IVA4	Q6PFY9
A0A0R4IVA4	Q6PFY9
A0A0R4IVA4	Q6PFY9
A0A1S3ZP85	A0A1S3ZP85
A0A1S3ZP85	A0A1S3ZP85
A0A1S3ZP85	A0A1S3ZP85
A0A1S3ZP85	F4JFU8
A0A1S3ZP85	F4JFU8
A0A1S3ZP85	F4JFU8
A0A3L7I2I8	A0A3L7I2I8
A0A3L7I2I8	A0A3L7I2I8
A0A3L7I2I8	A0A3L7I2I8
A0A3L7I2I8	A0A3L7I2I8
A0A3L7I2I8	A0A3L7I2I8
A0A3L7I2I8	A0A3L7I2I8
A0A3L7I2I8	A0A3L7I2I8
A0A3L7I2I8	A0A3L7I2I8
A0A3L7I2I8	A0A3L7I2I8
A0A3L7I2I8	A0A3L7I2I8
A0A3L7I2I8	A0A3L7I2I8
A0A3L7I2I8	A0A3L7I2I8
A0A3L7I2I8	A0A3L7I2I8
A0A3L7I2I8	A0A3L7I2I8
A0A3L7I2I8	A0A3L7I2I8
A0A3L7I2I8	A0A3L7I2I8
A0A3L7I2I8	A0A3L7I2I8
A0A3L7I2I8	A0A3L7I2I8
A0A3L7I2I8	A0A3L7I2I8
A0A3L7I2I8	A0A3L7I2I8
A0A3L7I2I8	P97570
A0A3L7I2I8	P97570
A0A3L7I2I8	P97570
A0A3L7I2I8	P97570
A0A3L7I2I8	P97570
A0A3L7I2I8	P97570
A0A3L7I2I8	P97570
A0A3L7I2I8	P97570
A0A3L7I2I8	P97570
A0A3L7I2I8	P97570
A0A3L7I2I8	P97570
A0A3L7I2I8	P97570
A0A3L7I2I8	P97570
A0A3L7I2I8	P97570
A0A3L7I2I8	P97570
A0A3L7I2I8	P97570
A0A3L7I2I8	P97570
A0A3L7I2I8	P97570
A0A3L7I2I8	P97570
A0A3L7I2I8	P97570
A0A3L7I2I8	O60733
A0A3L7I2I8	O60733
A0A3L7I2I8	O60733
A0A3L7I2I8	O60733
A0A3L7I2I8	O60733
A0A3L7I2I8	O60733
A0A3L7I2I8	O60733
A0A3L7I2I8	O60733
A0A3L7I2I8	O60733
A0A3L7I2I8	O60733
A0A3L7I2I8	O60733
A0A3L7I2I8	O60733
A0A3L7I2I8	O60733
A0A3L7I2I8	O60733
A0A3L7I2I8	O60733
A0A3L7I2I8	O60733
A0A3L7I2I8	O60733
A0A3L7I2I8	O60733
A0A3L7I2I8	O60733
A0A3L7I2I8	O60733
